expiry,signal_date,entry_date,predicted_direction,actual_direction,signal_spot,entry_spot,expiry_spot,atm,strike_step,side,otm4_strike,otm5_strike,otm6_strike,exit_method_otm4,exit_method_otm5,exit_method_otm6,settlement_1tick_cost_gross_pnl,settlement_1tick_cost_slippage_cost,settlement_1tick_cost_transaction_cost,settlement_1tick_cost_net_pnl,settlement_1tick_cost_buy_turnover,settlement_1tick_cost_sell_turnover,settlement_1tick_cost_brokerage,settlement_1tick_cost_nse_transaction,settlement_1tick_cost_stt,settlement_1tick_cost_stamp,settlement_1tick_cost_sebi,settlement_1tick_cost_gst,marketexit_1tick_cost_gross_pnl,marketexit_1tick_cost_slippage_cost,marketexit_1tick_cost_transaction_cost,marketexit_1tick_cost_net_pnl,marketexit_1tick_cost_buy_turnover,marketexit_1tick_cost_sell_turnover,marketexit_1tick_cost_brokerage,marketexit_1tick_cost_nse_transaction,marketexit_1tick_cost_stt,marketexit_1tick_cost_stamp,marketexit_1tick_cost_sebi,marketexit_1tick_cost_gst,settlement_2tick_cost_gross_pnl,settlement_2tick_cost_slippage_cost,settlement_2tick_cost_transaction_cost,settlement_2tick_cost_net_pnl,settlement_2tick_cost_buy_turnover,settlement_2tick_cost_sell_turnover,settlement_2tick_cost_brokerage,settlement_2tick_cost_nse_transaction,settlement_2tick_cost_stt,settlement_2tick_cost_stamp,settlement_2tick_cost_sebi,settlement_2tick_cost_gst,settlement_zero_cost_gross_pnl,settlement_zero_cost_slippage_cost,settlement_zero_cost_transaction_cost,settlement_zero_cost_net_pnl,settlement_zero_cost_buy_turnover,settlement_zero_cost_sell_turnover,settlement_zero_cost_brokerage,settlement_zero_cost_nse_transaction,settlement_zero_cost_stt,settlement_zero_cost_stamp,settlement_zero_cost_sebi,settlement_zero_cost_gst
2022-06-09,2022-06-02,2022-06-03,Bull,Bear,16628.0,16773.55,16478.1,16750,50.0,PE,16550.0,16500.0,16450.0,market_last,market_last,market_last,6129.500000000001,9.749999999999446,162.68000343800017,5966.819996562001,6613.750000000095,12743.250000000095,120.0,6.877542100000068,12.743250000000096,0.19841250000000285,0.01935700000000019,22.841441838000012,6116.500000000001,19.499999999999307,162.66761811700002,5953.832381883001,6617.0,12733.5,120.0,6.87523265,12.733500000000001,0.19851,0.0193505,22.841024967,6119.75,19.499999999999353,162.67223452750017,5957.0777654725,6617.000000000094,12736.750000000095,120.0,6.876387375000068,12.736750000000095,0.19851000000000282,0.019353750000000187,22.84123340250001,6139.25,0.0,0.0,6139.25,6610.500000000095,12749.750000000095,0.0,0.0,0.0,0.0,0.0,0.0
2022-06-16,2022-06-09,2022-06-10,Bull,Bear,16478.1,16272.15,15360.6,16250,50.0,PE,16050.0,16000.0,15950.0,market_last,market_last,market_last,-32558.499999999978,9.749999999999446,253.69043877199994,-32812.19043877198,84633.24999999996,52074.74999999998,120.0,48.57235239999998,52.07474999999998,2.538997499999999,0.13670799999999994,30.367630871999992,-32551.999999999993,19.499999999990578,253.644948704,-32805.64494870399,84604.0,52052.00000000001,120.0,48.553876800000005,52.05200000000001,2.53812,0.136656,30.364295904,-32568.249999999964,19.499999999999815,253.68266986149996,-32821.93266986146,84636.49999999996,52068.24999999998,120.0,48.57119767499998,52.06824999999998,2.5390949999999988,0.13670474999999993,30.367422436499997,-32548.749999999985,0.0,0.0,-32548.749999999985,84629.99999999996,52081.24999999998,0.0,0.0,0.0,0.0,0.0,0.0
2022-06-23,2022-06-16,2022-06-17,Bear,Bull,15360.6,15354.7,15556.65,15350,50.0,CE,15550.0,15600.0,15650.0,market_last,market_last,market_last,4335.499999999977,9.749999999999446,161.63358412899996,4173.866415870977,7416.5,11751.999999999978,120.0,6.8105680499999925,11.751999999999978,0.222495,0.019168499999999977,22.829352579,4296.500000000001,19.499999999999435,161.602508487,4134.897491513001,7429.5,11726.0,120.0,6.80594915,11.726,0.222885,0.0191555,22.828518837,4325.749999999978,19.49999999999889,161.62581521849995,4164.124184781478,7419.749999999999,11745.499999999978,120.0,6.809413324999992,11.745499999999979,0.22259249999999997,0.019165249999999977,22.8291441435,4345.249999999976,0.0,0.0,4345.249999999976,7413.25,11758.499999999976,0.0,0.0,0.0,0.0,0.0,0.0
2022-06-30,2022-06-23,2022-06-24,Bear,Bull,15556.65,15710.2,15780.25,15700,50.0,CE,15900.0,15950.0,16000.0,market_last,market_last,market_last,2476.5,9.749999999999446,155.253599908,2321.246400092,5417.75,7894.25,120.0,4.7297536000000004,7.89425,0.1625325,0.013312,22.453751808,2463.5,19.499999999999446,155.25945555,2308.24054445,5430.75,7894.25,120.0,4.7343725,7.89425,0.1629225,0.013325,22.45458555,2466.750000000001,19.499999999999353,155.2458309975,2311.504169002501,5420.999999999999,7887.75,120.0,4.728598875,7.8877500000000005,0.16262999999999997,0.01330875,22.453543372499997,2486.25,0.0,0.0,2486.25,5414.5,7900.75,0.0,0.0,0.0,0.0,0.0,0.0
2022-07-07,2022-06-30,2022-07-01,Bear,Bull,15780.25,15613.45,16132.9,15600,50.0,CE,15800.0,15850.0,15900.0,market_last,market_last,market_last,-9142.249999999976,9.749999999999446,202.31968842549998,-9344.569688425476,39396.499999999956,30254.249999999978,120.0,24.74691147499998,30.254249999999978,1.1818949999999988,0.06965074999999994,26.066981200499995,-9165.0,19.500000000001663,202.348176762,-9367.348176762,39429.0,30264.0,120.0,24.761922900000002,30.264,1.18287,0.06969299999999999,26.069690861999998,-9151.999999999976,19.499999999999353,202.31191951499994,-9354.311919514976,39399.749999999956,30247.749999999978,120.0,24.74575674999998,30.24774999999998,1.1819924999999987,0.06964749999999995,26.066772764999993,-9132.499999999976,0.0,0.0,-9132.499999999976,39393.249999999956,30260.749999999978,0.0,0.0,0.0,0.0,0.0,0.0
2022-07-14,2022-07-07,2022-07-08,Bull,Bear,16132.9,16203.7,15938.65,16200,50.0,PE,16000.0,15950.0,15900.0,market_last,market_last,market_last,5710.25,9.749999999999446,160.14486408450006,5550.1051359155,5577.000000000024,11287.250000000024,120.0,5.991868025000017,11.287250000000023,0.1673100000000007,0.016864250000000046,22.681571809500003,5690.75,19.499999999999307,160.0685230535,5530.6814769465,5551.0,11241.75,120.0,5.966464075,11.24175,0.16653,0.01679275,22.6769862285,5700.5,19.499999999999815,160.13709517400002,5540.362904826,5580.250000000024,11280.750000000024,120.0,5.990713300000017,11.280750000000024,0.1674075000000007,0.016861000000000046,22.681363374000004,5720.0,0.0,0.0,5720.0,5573.750000000024,11293.750000000024,0.0,0.0,0.0,0.0,0.0,0.0
2022-07-21,2022-07-14,2022-07-15,Bull,Bull,15938.65,15976.85,16605.25,16000,50.0,PE,15800.0,15750.0,15700.0,market_last,market_last,market_last,2015.000000000001,9.749999999999446,152.52468015600002,1862.475319844001,4309.5,6324.500000000001,120.0,3.7782602,6.324500000000001,0.129285,0.010634,22.282000956,2002.000000000001,19.499999999999446,152.53053579800002,1849.4694642020008,4322.5,6324.500000000001,120.0,3.7828791,6.324500000000001,0.129675,0.010647,22.282834698000002,2005.25,19.499999999999815,152.51691124549998,1852.7330887545,4312.75,6318.0,120.0,3.7771054750000004,6.3180000000000005,0.1293825,0.01063075,22.281792520499998,2024.75,0.0,0.0,2024.75,4306.25,6331.0,0.0,0.0,0.0,0.0,0.0,0.0
2022-07-28,2022-07-21,2022-07-22,Bull,Bull,16605.25,16633.5,16929.6,16650,50.0,PE,16450.0,16400.0,16350.0,market_last,market_last,market_last,2011.750000000001,9.749999999999446,152.3315737945,1859.418426205501,4208.75,6220.500000000001,120.0,3.705512525,6.220500000000001,0.1262625,0.01042925,22.2688695195,1998.7500000000005,19.499999999999446,152.33742943650003,1846.4125705635004,4221.75,6220.500000000001,120.0,3.710131425,6.220500000000001,0.1266525,0.01044225,22.2697032615,2002.0,19.499999999999815,152.323804884,1849.676195116,4212.0,6214.0,120.0,3.7043578000000004,6.214,0.12636,0.010426,22.268661083999998,2021.5,0.0,0.0,2021.5,4205.5,6227.0,0.0,0.0,0.0,0.0,0.0,0.0
2022-08-04,2022-07-28,2022-07-29,Bull,Bull,16929.6,17137.0,17382.0,17150,50.0,PE,16950.0,16900.0,16850.0,market_last,market_last,market_last,1829.750000000001,9.749999999999446,151.42854078050001,1678.3214592195009,3864.2499999999995,5694.0,120.0,3.396046225,5.694,0.11592749999999999,0.009558249999999999,22.2130088055,1816.750000000001,19.499999999999446,151.43439642250001,1665.315603577501,3877.2499999999995,5694.0,120.0,3.400665125,5.694,0.11631749999999999,0.00957125,22.213842547499997,1820.0,19.500000000000277,151.42077187,1668.57922813,3867.5,5687.5,120.0,3.3948915,5.6875,0.116025,0.009555,22.21280037,1839.5,0.0,0.0,1839.5,3861.0,5700.5,0.0,0.0,0.0,0.0,0.0,0.0
2022-08-25,2022-08-18,2022-08-19,Bull,Bear,17956.5,17952.45,17522.45,17950,50.0,PE,17750.0,17700.0,17650.0,market_last,market_last,market_last,-3691.9999999999527,9.749999999999677,179.3618681049999,-3871.3618681049525,22987.249999999905,19295.249999999953,120.0,15.022972249999949,19.295249999999953,0.6896174999999972,0.042282499999999855,24.31174585499999,-3662.7500000000027,19.50000000000097,179.4520583675,-3842.2020583675026,23013.25,19350.5,120.0,15.051840375000001,19.3505,0.6903975,0.04236375,24.3169567425,-3701.7499999999527,19.500000000000277,179.35409919449992,-3881.104099194453,22990.499999999905,19288.749999999953,120.0,15.02181752499995,19.288749999999954,0.6897149999999972,0.04227924999999985,24.31153741949999,-3682.2499999999527,0.0,0.0,-3682.2499999999527,22983.999999999905,19301.749999999953,0.0,0.0,0.0,0.0,0.0,0.0
2022-09-08,2022-09-01,2022-09-02,Bull,Bull,17542.8,17510.25,17798.75,17500,50.0,PE,17300.0,17250.0,17200.0,market_last,market_last,market_last,3341.0,9.749999999999446,157.44225581900002,3183.557744181,5931.25,9272.25,120.0,5.40180355,9.27225,0.1779375,0.0152035,22.575061269,3328.000000000002,19.499999999999446,157.448111461,3170.551888539002,5944.25,9272.25,120.0,5.40642245,9.27225,0.1783275,0.015216499999999999,22.575895010999997,3331.25,19.49999999999889,157.4344869085,3173.8155130915,5934.5,9265.75,120.0,5.400648825,9.26575,0.178035,0.015200249999999998,22.5748528335,3350.75,0.0,0.0,3350.75,5928.0,9278.75,0.0,0.0,0.0,0.0,0.0,0.0
2022-09-15,2022-09-08,2022-09-09,Bull,Bull,17798.75,17896.25,17877.4,17900,50.0,PE,17700.0,17650.0,17600.0,market_last,market_last,market_last,1924.0000000000014,9.749999999999446,151.76306727800002,1772.2369327220013,3971.4999999999995,5895.500000000001,120.0,3.5057451,5.895500000000001,0.11914499999999999,0.009866999999999999,22.232810177999998,1907.750000000001,19.499999999999446,151.7703868305,1755.979613169501,3987.7499999999995,5895.500000000001,120.0,3.511518725,5.895500000000001,0.11963249999999999,0.00988325,22.233852355499998,1914.25,19.500000000000277,151.75529836750002,1762.4947016325,3974.75,5889.0,120.0,3.5045903750000003,5.889,0.1192425,0.00986375,22.232601742499998,1933.75,0.0,0.0,1933.75,3968.25,5902.0,0.0,0.0,0.0,0.0,0.0,0.0
2022-09-22,2022-09-15,2022-09-16,Bull,Bear,17877.4,17661.1,17629.8,17650,50.0,PE,17450.0,17400.0,17350.0,market_last,market_last,market_last,3090.7500000000005,9.749999999999446,156.3814749745,2934.3685250255003,5554.25,8645.0,120.0,5.044993525000001,8.645,0.1666275,0.01419925,22.510654699499998,3077.750000000001,19.499999999999446,156.3873306165,2921.362669383501,5567.25,8645.0,120.0,5.049612425,8.645,0.1670175,0.01421225,22.5114884415,3081.0,19.499999999999353,156.373706064,2924.626293936,5557.5,8638.5,120.0,5.0438388000000005,8.6385,0.166725,0.014195999999999999,22.510446264,3100.5,0.0,0.0,3100.5,5551.0,8651.5,0.0,0.0,0.0,0.0,0.0,0.0
2022-09-29,2022-09-22,2022-09-23,Bear,Bear,17629.8,17481.65,16818.1,17500,50.0,CE,17700.0,17750.0,17800.0,market_last,market_last,market_last,2528.500000000001,9.749999999999446,155.126811883,2373.373188117001,5310.5,7839.000000000001,120.0,4.67201735,7.839000000000001,0.159315,0.0131495,22.443330033,2509.0,19.499999999999446,155.135595346,2353.864404654,5330.0,7839.000000000001,120.0,4.6789457,7.839000000000001,0.15990000000000001,0.013169,22.444580646,2518.7500000000005,19.499999999999353,155.1190429725,2363.6309570275002,5313.75,7832.5,120.0,4.670862625,7.8325000000000005,0.1594125,0.01314625,22.4431215975,2538.25,0.0,0.0,2538.25,5307.25,7845.5,0.0,0.0,0.0,0.0,0.0,0.0
2022-10-13,2022-10-06,2022-10-07,Bear,Bear,17331.8,17325.35,17014.35,17350,50.0,CE,17550.0,17600.0,17650.0,market_last,market_last,market_last,1105.0,9.749999999999677,149.80320978100002,955.1967902189999,3545.75,4650.75,120.0,2.9122164500000003,4.65075,0.10637250000000001,0.008196499999999999,22.125674331,1091.9999999999998,19.499999999999677,149.80906542300002,942.1909345769998,3558.75,4650.75,120.0,2.91683535,4.65075,0.1067625,0.0082095,22.126508073,1095.25,19.500000000000277,149.7954408705,945.4545591295,3549.0,4644.25,120.0,2.911061725,4.64425,0.10647000000000001,0.00819325,22.1254658955,1114.75,0.0,0.0,1114.75,3542.5,4657.25,0.0,0.0,0.0,0.0,0.0,0.0
2022-10-20,2022-10-13,2022-10-14,Bear,Bull,17014.35,17296.4,17563.95,17300,50.0,CE,17500.0,17550.0,17600.0,market_last,market_last,market_last,4689.75,9.749999999999446,157.60693372850008,4532.1430662715,4995.250000000047,9685.000000000047,120.0,5.215892825000034,9.685000000000047,0.14985750000000142,0.014680250000000094,22.541503153500006,4670.25,19.499999999999307,157.6217975125,4512.6282024875,5018.0,9688.25,120.0,5.225130625,9.68825,0.15054,0.014706249999999999,22.5431706375,4680.0,19.500000000000277,157.5991648180001,4522.400835182,4998.500000000047,9678.500000000047,120.0,5.214738100000034,9.678500000000048,0.14995500000000142,0.014677000000000094,22.541294718000007,4699.5,0.0,0.0,4699.5,4992.000000000047,9691.500000000047,0.0,0.0,0.0,0.0,0.0,0.0
2022-11-03,2022-10-27,2022-10-28,Bear,Bull,17736.95,17799.3,18052.7,17800,50.0,CE,18000.0,18050.0,18100.0,market_last,market_last,market_last,3978.0,9.749999999999677,153.36120905700008,3824.638790943,3266.2500000000473,7244.250000000047,120.0,3.7343806500000336,7.244250000000047,0.09798750000000142,0.010510500000000094,22.274080407000003,3965.0000000000005,19.49999999999948,153.34882373599999,3811.6511762640002,3269.5,7234.5,120.0,3.7320712,7.2345,0.098085,0.010504,22.273663536,3968.2499999999995,19.500000000000277,153.35344014650005,3814.8965598534996,3269.5000000000473,7237.750000000047,120.0,3.733225925000034,7.237750000000047,0.09808500000000142,0.010507250000000095,22.273871971500004,3987.75,0.0,0.0,3987.75,3263.0000000000473,7250.750000000047,0.0,0.0,0.0,0.0,0.0,0.0
2022-11-17,2022-11-10,2022-11-11,Bull,Bull,18028.2,18293.95,18343.9,18300,50.0,PE,18100.0,18050.0,18000.0,market_last,market_last,market_last,916.4999999999998,9.749999999999908,147.52895204200001,768.9710479579998,2473.25,3389.75,120.0,2.0831239,3.3897500000000003,0.0741975,0.005863,21.976017642000002,903.4999999999998,19.499999999999908,147.53480768400001,755.9651923159997,2486.25,3389.75,120.0,2.0877428,3.3897500000000003,0.0745875,0.005876,21.976851384,906.7499999999998,19.500000000000277,147.5211831315,759.2288168684997,2476.5,3383.25,120.0,2.0819691750000002,3.38325,0.074295,0.0058597499999999995,21.9758092065,926.25,0.0,0.0,926.25,2470.0,3396.25,0.0,0.0,0.0,0.0,0.0,0.0
2022-11-24,2022-11-17,2022-11-18,Bull,Bull,18343.9,18296.65,18484.1,18300,50.0,PE,18100.0,18050.0,18000.0,market_last,market_last,market_last,923.0,9.749999999999908,147.44698004799997,775.553019952,2424.5,3347.5,120.0,2.0507916,3.3475,0.07273500000000001,0.005771999999999999,21.970181447999998,906.75,19.499999999999908,147.46037992150002,759.2896200785,2444.0,3350.75,120.0,2.058874675,3.35075,0.07332,0.0057947499999999996,21.9716404965,913.25,19.500000000000277,147.4392111375,765.8107888625,2427.75,3341.0,120.0,2.049636875,3.341,0.07283250000000001,0.00576875,21.9699730125,932.75,0.0,0.0,932.75,2421.25,3354.0,0.0,0.0,0.0,0.0,0.0,0.0
2022-12-01,2022-11-24,2022-11-25,Bull,Bull,18484.1,18464.3,18812.5,18450,50.0,PE,18250.0,18200.0,18150.0,market_last,market_last,market_last,542.7499999999994,9.750000000000139,145.5813500415,397.16864995849943,1716.0000000000002,2258.7499999999995,120.0,1.4122286750000002,2.2587499999999996,0.051480000000000005,0.00397475,21.8549166165,529.7499999999994,19.50000000000014,145.5872056835,384.16279431649946,1729.0000000000002,2258.7499999999995,120.0,1.416847575,2.2587499999999996,0.051870000000000006,0.00398775,21.8557503585,532.9999999999995,19.500000000000163,145.573581131,387.4264188689996,1719.2500000000002,2252.25,120.0,1.41107395,2.25225,0.051577500000000005,0.0039715,21.854708181,552.5,0.0,0.0,552.5,1712.75,2265.25,0.0,0.0,0.0,0.0,0.0,0.0
2022-12-08,2022-12-01,2022-12-02,Bull,Bear,18812.5,18713.35,18609.35,18700,50.0,PE,18500.0,18450.0,18400.0,market_last,market_last,market_last,630.4999999999998,9.750000000000139,146.05865174299998,484.4413482569998,1904.5,2535.0,120.0,1.57735435,2.535,0.057135,0.0044395,21.884722893,617.4999999999995,19.50000000000014,146.064507385,471.43549261499953,1917.5,2535.0,120.0,1.58197325,2.535,0.057525,0.0044525,21.885556635,620.7499999999995,19.500000000000277,146.05088283249998,474.6991171674996,1907.75,2528.4999999999995,120.0,1.576199625,2.5284999999999997,0.0572325,0.00443625,21.8845144575,640.25,0.0,0.0,640.25,1901.25,2541.5,0.0,0.0,0.0,0.0,0.0,0.0
2022-12-15,2022-12-08,2022-12-09,Bull,Bear,18609.35,18626.05,18414.9,18650,50.0,PE,18450.0,18400.0,18350.0,market_last,market_last,market_last,2811.2499999999054,9.750000000000139,148.9495322744999,2662.3004677254057,1794.0,4605.249999999905,120.0,2.2736535249999665,4.605249999999906,0.05382,0.006399249999999905,22.010409499499993,2788.5,19.499999999999954,148.941538685,2639.558461315,1807.0,4595.5,120.0,2.27480825,4.5955,0.05421,0.006402499999999999,22.010617935,2801.4999999999054,19.500000000000163,148.94176336399985,2652.5582366359054,1797.2500000000002,4598.749999999905,120.0,2.2724987999999664,4.598749999999906,0.05391750000000001,0.006395999999999905,22.010201063999993,2820.9999999999054,0.0,0.0,2820.9999999999054,1790.75,4611.749999999905,0.0,0.0,0.0,0.0,0.0,0.0
2022-12-22,2022-12-15,2022-12-16,Bull,Bear,18414.9,18379.45,18127.35,18400,50.0,PE,18200.0,18150.0,18100.0,market_last,market_last,market_last,4335.5,9.749999999999677,155.60190569700018,4179.898094303,4192.500000000095,8528.000000000095,120.0,4.5195936500000675,8.528000000000095,0.12577500000000283,0.012720500000000188,22.41581654700001,4306.250000000001,19.499999999999538,155.5846792865,4150.6653207135005,4205.5,8511.75,120.0,4.518438925,8.511750000000001,0.126165,0.01271725,22.4156081115,4325.75,19.500000000000277,155.5941367865002,4170.1558632135,4195.750000000095,8521.500000000095,120.0,4.518438925000067,8.521500000000096,0.12587250000000283,0.012717250000000188,22.41560811150001,4345.25,0.0,0.0,4345.25,4189.250000000095,8534.500000000095,0.0,0.0,0.0,0.0,0.0,0.0
2022-12-29,2022-12-22,2022-12-23,Bull,Bull,18127.35,17973.55,18191.0,17950,50.0,PE,17750.0,17700.0,17650.0,market_last,market_last,market_last,1625.0000000000005,9.749999999999446,149.70275116300002,1475.2972488370006,3097.25,4722.25,120.0,2.7782683500000003,4.72225,0.0929175,0.0078195,22.101495813,1612.0000000000005,19.499999999999446,149.70860680500002,1462.2913931950004,3110.25,4722.25,120.0,2.78288725,4.72225,0.0933075,0.0078325,22.102329555,1615.2499999999995,19.500000000000277,149.69498225249998,1465.5550177474995,3100.5,4715.75,120.0,2.777113625,4.71575,0.093015,0.00781625,22.1012873775,1634.75,0.0,0.0,1634.75,3094.0,4728.75,0.0,0.0,0.0,0.0,0.0,0.0
2023-01-05,2022-12-29,2022-12-30,Bull,Bear,18191.0,18246.85,17992.15,18250,50.0,PE,18050.0,18000.0,17950.0,market_last,market_last,market_last,4429.750000000001,9.749999999999677,153.90560498049985,4275.8443950195015,3214.249999999905,7643.999999999905,120.0,3.857936224999933,7.643999999999906,0.09642749999999715,0.01085824999999981,22.296383005499987,4403.750000000001,19.49999999999948,153.89907530149998,4249.850924698501,3230.4999999999995,7634.25,120.0,3.8602456750000003,7.63425,0.09691499999999999,0.01086475,22.2967998765,4420.0,19.500000000000277,153.89783606999978,4266.102163930001,3217.4999999999054,7637.499999999905,120.0,3.856781499999933,7.637499999999905,0.09652499999999717,0.010854999999999811,22.296174569999987,4439.5,0.0,0.0,4439.5,3210.9999999999054,7650.499999999905,0.0,0.0,0.0,0.0,0.0,0.0
2023-01-12,2023-01-05,2023-01-06,Bull,Bear,17992.15,17971.45,17858.2,17950,50.0,PE,17750.0,17700.0,17650.0,market_last,market_last,market_last,832.0000000000005,9.749999999999908,147.153551887,684.8464481130004,2336.7499999999995,3168.75,120.0,1.95610415,3.16875,0.07010249999999998,0.0055055,21.953089737,819.0000000000002,19.499999999999908,147.159407529,671.8405924710003,2349.7499999999995,3168.75,120.0,1.9607230500000001,3.16875,0.07049249999999999,0.0055185,21.953923478999997,822.25,19.500000000000277,147.14578297650002,675.1042170235,2340.0,3162.25,120.0,1.9549494250000001,3.1622500000000002,0.0702,0.005502249999999999,21.9528813015,841.75,0.0,0.0,841.75,2333.5,3175.25,0.0,0.0,0.0,0.0,0.0,0.0
2023-01-19,2023-01-12,2023-01-13,Bear,Bull,17858.2,17782.35,18107.85,17800,50.0,CE,18000.0,18050.0,18100.0,market_last,market_last,market_last,3913.0000000000946,9.749999999999677,161.4712338759998,3751.528766124095,7650.499999999811,11563.499999999905,120.0,6.826734199999899,11.563499999999905,0.22951499999999433,0.019213999999999714,22.832270675999983,3890.250000000001,19.499999999999297,161.45715996549998,3728.792840034501,7660.25,11550.5,120.0,6.8255794750000005,11.5505,0.2298075,0.01921075,22.832062240499997,3903.2500000000937,19.500000000000277,161.46346496549978,3741.7865350345937,7653.749999999811,11556.999999999905,120.0,6.825579474999899,11.556999999999906,0.22961249999999434,0.019210749999999714,22.83206224049998,3922.7500000000946,0.0,0.0,3922.7500000000946,7647.249999999811,11569.999999999905,0.0,0.0,0.0,0.0,0.0,0.0
2023-02-02,2023-01-25,2023-01-27,Bear,Bear,17891.95,17741.75,17610.4,17750,50.0,CE,17950.0,18000.0,18050.0,market_last,market_last,market_last,3692.000000000001,9.749999999999446,159.837888305,3532.162111695001,6945.25,10637.25,120.0,6.24706225,10.63725,0.2083575,0.0175825,22.727636054999998,3679.000000000001,19.499999999999446,159.84374394699998,3519.156256053001,6958.25,10637.25,120.0,6.2516811500000005,10.63725,0.2087475,0.0175955,22.728469797,3682.250000000002,19.49999999999889,159.8301193945,3522.419880605502,6948.499999999999,10630.75,120.0,6.245907525000001,10.63075,0.20845499999999997,0.017579249999999998,22.7274276195,3701.75,0.0,0.0,3701.75,6942.0,10643.75,0.0,0.0,0.0,0.0,0.0,0.0
2023-02-09,2023-02-02,2023-02-03,Bull,Bull,17610.4,17683.85,17893.45,17700,50.0,PE,17500.0,17450.0,17400.0,market_last,market_last,market_last,1872.000000000001,9.749999999999446,151.75000791999997,1720.249992080001,4003.9999999999995,5876.0,120.0,3.510364,5.876,0.12011999999999999,0.00988,22.23364392,1859.0000000000005,19.499999999999446,151.755863562,1707.2441364380004,4016.9999999999995,5876.0,120.0,3.5149829,5.876,0.12050999999999999,0.009892999999999999,22.234477662,1862.25,19.500000000000277,151.7422390095,1710.5077609905,4007.25,5869.5,120.0,3.5092092750000003,5.8695,0.1202175,0.00987675,22.2334354845,1881.75,0.0,0.0,1881.75,4000.75,5882.5,0.0,0.0,0.0,0.0,0.0,0.0
2023-02-16,2023-02-09,2023-02-10,Bull,Bull,17893.45,17824.6,18035.85,17800,50.0,PE,17600.0,17550.0,17500.0,market_last,market_last,market_last,640.25,9.750000000000139,146.26099092549998,493.9890090745,2005.25,2645.5,120.0,1.652411475,2.6455,0.0601575,0.0046507499999999995,21.898271200499998,624.0,19.50000000000014,146.274390799,477.725609201,2024.75,2648.75,120.0,1.6604945500000001,2.64875,0.060742500000000005,0.0046735,21.899730248999997,630.4999999999998,19.500000000000277,146.253222015,484.24677798499977,2008.5000000000002,2639.0,120.0,1.6512567500000002,2.6390000000000002,0.06025500000000001,0.0046475,21.898062765,650.0,0.0,0.0,650.0,2002.0,2652.0,0.0,0.0,0.0,0.0,0.0,0.0
2023-02-23,2023-02-16,2023-02-17,Bull,Bear,18035.85,18015.8,17511.25,18000,50.0,PE,17800.0,17750.0,17700.0,market_last,market_last,market_last,-8388.25,9.750000000000139,185.2348571555,-8573.4848571555,29692.0,21303.75,120.0,18.118789975000002,21.30375,0.89076,0.05099575,24.870561430499997,-8427.250000000005,19.500000000002355,185.3010666495,-8612.551066649505,29757.0,21329.75,120.0,18.151122275000002,21.32975,0.89271,0.05108675,24.8763976245,-8398.0,19.500000000000277,185.227088245,-8583.227088245,29695.25,21297.25,120.0,18.11763525,21.297250000000002,0.8908575,0.050992499999999996,24.870352995,-8378.5,0.0,0.0,-8378.5,29688.75,21310.25,0.0,0.0,0.0,0.0,0.0,0.0
2023-03-02,2023-02-23,2023-02-24,Bull,Bear,17511.25,17547.4,17321.9,17550,50.0,PE,17350.0,17300.0,17250.0,market_last,market_last,market_last,2791.7499999999054,9.749999999999908,150.41151245649988,2641.3384875434053,2590.2499999999995,5381.999999999905,120.0,2.8325404249999666,5.3819999999999055,0.07770749999999998,0.007972249999999905,22.111292281499992,2772.25,19.499999999999954,150.4081352775,2621.8418647225,2603.2499999999995,5375.5,120.0,2.834849875,5.3755,0.07809749999999999,0.00797875,22.1117091525,2781.9999999999054,19.500000000000277,150.40374354599987,2631.5962564539054,2593.5,5375.499999999905,120.0,2.8313856999999665,5.375499999999906,0.077805,0.007968999999999905,22.111083845999993,2801.4999999999054,0.0,0.0,2801.4999999999054,2587.0,5388.499999999905,0.0,0.0,0.0,0.0,0.0,0.0
2023-03-16,2023-03-09,2023-03-10,Bull,Bear,17589.6,17379.3,16985.6,17400,50.0,PE,17200.0,17150.0,17100.0,market_last,market_last,market_last,-3058.2500000000946,9.749999999999677,176.63819683650024,-3234.888196836595,21050.25000000019,17992.000000000095,120.0,13.871711425000102,17.992000000000093,0.6315075000000057,0.039042250000000285,24.103935661500017,-3058.25,19.50000000000097,176.62603619450002,-3234.8760361945,21043.75,17985.5,120.0,13.867092525,17.985500000000002,0.6313125,0.03902925,24.1031019195,-3068.0000000000946,19.500000000000277,176.6304279260002,-3244.630427926095,21053.50000000019,17985.500000000095,120.0,13.870556700000101,17.985500000000094,0.6316050000000057,0.03903900000000028,24.103727226000018,-3048.5000000000946,0.0,0.0,-3048.5000000000946,21047.00000000019,17998.500000000095,0.0,0.0,0.0,0.0,0.0,0.0
2023-03-23,2023-03-16,2023-03-17,Bull,Bull,16985.6,17053.65,17076.9,17050,50.0,PE,16850.0,16800.0,16750.0,market_last,market_last,market_last,1878.5000000000005,9.749999999999446,151.30929698700004,1727.1907030130005,3763.5,5642.0,120.0,3.34177415,5.642,0.112905,0.009405499999999999,22.203212337,1859.0,19.499999999999446,151.31808045,1707.68191955,3783.0,5642.0,120.0,3.3487025000000004,5.642,0.11349000000000001,0.009425,22.20446295,1868.7499999999995,19.500000000000277,151.3015280765,1717.4484719234995,3766.75,5635.5,120.0,3.3406194250000003,5.6355,0.1130025,0.00940225,22.203003901499997,1888.25,0.0,0.0,1888.25,3760.25,5648.5,0.0,0.0,0.0,0.0,0.0,0.0
2023-04-27,2023-04-20,2023-04-21,Bear,Bull,17624.45,17607.0,17915.05,17600,50.0,CE,17800.0,17850.0,17900.0,market_last,market_last,market_last,2294.5000000000473,9.750000000000139,157.61569927099987,2136.8843007290475,6818.499999999905,9112.999999999953,120.0,5.66046194999995,9.112999999999953,0.20455499999999716,0.01593149999999986,22.62175082099999,2336.75,19.499999999999815,157.7061142125,2179.0438857875,6834.75,9171.5,120.0,5.687020625000001,9.1715,0.20504250000000002,0.01600625,22.6265448375,2284.7500000000473,19.500000000000046,157.6079303604999,2127.1420696395476,6821.749999999905,9106.499999999953,120.0,5.659307224999949,9.106499999999953,0.20465249999999716,0.015928249999999856,22.62154238549999,2304.2500000000473,0.0,0.0,2304.2500000000473,6815.249999999905,9119.499999999953,0.0,0.0,0.0,0.0,0.0,0.0
2023-05-11,2023-05-04,2023-05-05,Bull,Bull,18255.8,18186.25,18297.0,18200,50.0,PE,18000.0,17950.0,17900.0,market_last,market_last,market_last,341.2499999999998,9.750000000000139,144.7539840215,196.49601597849977,1426.75,1767.9999999999998,120.0,1.1350946750000002,1.7679999999999998,0.0428025,0.0031947499999999997,21.8048920965,328.2499999999999,19.50000000000014,144.7598396635,183.49016033649988,1439.75,1767.9999999999998,120.0,1.139713575,1.7679999999999998,0.0431925,0.0032077499999999997,21.8057258385,331.5,19.500000000000046,144.746215111,186.753784889,1430.0,1761.5,120.0,1.13393995,1.7615,0.0429,0.0031915,21.804683661,351.0,0.0,0.0,351.0,1423.5,1774.5,0.0,0.0,0.0,0.0,0.0,0.0
2023-05-18,2023-05-11,2023-05-12,Bull,Bear,18297.0,18234.25,18129.95,18250,50.0,PE,18050.0,18000.0,17950.0,market_last,market_last,market_last,737.7500000000005,9.749999999999908,146.8068647475,590.9431352525005,2222.9999999999995,2960.75,120.0,1.841786375,2.96075,0.06668999999999999,0.00518375,21.9324546225,724.75,19.499999999999908,146.8127203895,577.9372796105,2235.9999999999995,2960.75,120.0,1.8464052750000002,2.96075,0.06707999999999999,0.00519675,21.933288364499997,727.9999999999995,19.500000000000277,146.799095837,581.2009041629996,2226.25,2954.2499999999995,120.0,1.8406316500000002,2.9542499999999996,0.0667875,0.005180499999999999,21.932246187,747.5,0.0,0.0,747.5,2219.75,2967.25,0.0,0.0,0.0,0.0,0.0,0.0
2023-05-25,2023-05-18,2023-05-19,Bull,Bull,18129.95,18090.8,18321.15,18100,50.0,PE,17900.0,17850.0,17800.0,market_last,market_last,market_last,565.4999999999998,9.750000000000139,145.88727936,419.6127206399998,1862.2500000000002,2427.75,120.0,1.524237,2.42775,0.05586750000000001,0.0042899999999999995,21.87513486,552.4999999999995,19.50000000000014,145.89313500199998,406.60686499799954,1875.2500000000002,2427.75,120.0,1.5288559000000002,2.42775,0.05625750000000001,0.0043029999999999995,21.875968601999997,555.7499999999995,19.500000000000163,145.8795104495,409.87048955049954,1865.5000000000002,2421.25,120.0,1.5230822750000002,2.42125,0.05596500000000001,0.00428675,21.8749264245,575.25,0.0,0.0,575.25,1859.0,2434.25,0.0,0.0,0.0,0.0,0.0,0.0
2023-06-01,2023-05-25,2023-05-26,Bull,Bull,18321.15,18379.45,18487.75,18400,50.0,PE,18200.0,18150.0,18100.0,market_last,market_last,market_last,636.9999999999998,9.749999999999908,146.432703824,490.5672961759998,2099.5,2736.5,120.0,1.7182308000000002,2.7365,0.062985,0.004836,21.910152024,623.9999999999998,19.499999999999908,146.438559466,477.56144053399976,2112.5,2736.5,120.0,1.7228497,2.7365,0.063375,0.004849,21.910985765999996,627.2499999999998,19.500000000000277,146.4249349135,480.82506508649976,2102.75,2730.0,120.0,1.717076075,2.73,0.0630825,0.004832749999999999,21.9099435885,646.75,0.0,0.0,646.75,2096.25,2743.0,0.0,0.0,0.0,0.0,0.0,0.0
2023-06-08,2023-06-01,2023-06-02,Bull,Bull,18487.75,18503.0,18634.55,18500,50.0,PE,18300.0,18250.0,18200.0,market_last,market_last,market_last,467.9999999999999,9.750000000000139,145.621100304,322.37889969599985,1794.0,2262.0,120.0,1.4410968000000002,2.262,0.05382,0.004056,21.860127504,454.99999999999966,19.50000000000014,145.62695594599998,309.3730440539997,1807.0,2262.0,120.0,1.4457157,2.262,0.05421,0.004069,21.860961246,458.24999999999955,19.500000000000163,145.6133313935,312.63666860649954,1797.2500000000002,2255.5,120.0,1.439942075,2.2555,0.05391750000000001,0.00405275,21.859919068499998,477.75,0.0,0.0,477.75,1790.75,2268.5,0.0,0.0,0.0,0.0,0.0,0.0
2023-06-15,2023-06-08,2023-06-09,Bull,Bull,18634.55,18658.65,18688.1,18650,50.0,PE,18450.0,18400.0,18350.0,market_last,market_last,market_last,357.4999999999998,9.750000000000139,144.406166493,213.09383350699977,1228.5000000000002,1586.0,120.0,0.99999185,1.586,0.036855000000000006,0.0028144999999999997,21.780505143,344.4999999999998,19.50000000000014,144.41202213499997,200.0879778649998,1241.5000000000002,1586.0,120.0,1.00461075,1.586,0.03724500000000001,0.0028274999999999997,21.781338884999997,347.7499999999998,19.500000000000046,144.39839758249997,203.3516024174998,1231.7500000000002,1579.5,120.0,0.998837125,1.5795000000000001,0.036952500000000006,0.00281125,21.780296707499996,367.25,0.0,0.0,367.25,1225.25,1592.5,0.0,0.0,0.0,0.0,0.0,0.0
2023-06-22,2023-06-15,2023-06-16,Bull,Bull,18688.1,18757.3,18771.25,18750,50.0,PE,18550.0,18500.0,18450.0,market_last,market_last,market_last,334.7499999999999,9.750000000000139,144.2461648785,190.5038351214999,1160.25,1495.0,120.0,0.943410325,1.495,0.0348075,0.00265525,21.7702918035,321.75,19.50000000000014,144.2520205205,177.4979794795,1173.25,1495.0,120.0,0.9480292250000001,1.495,0.0351975,0.00266825,21.7711255455,324.9999999999998,19.500000000000046,144.238395968,180.76160403199978,1163.5000000000002,1488.5,120.0,0.9422556000000001,1.4885,0.034905000000000005,0.002652,21.770083367999998,344.5,0.0,0.0,344.5,1157.0,1501.5,0.0,0.0,0.0,0.0,0.0,0.0
2023-07-06,2023-06-28,2023-06-30,Bull,Bull,18972.1,19077.7,19497.3,19100,50.0,PE,18900.0,18850.0,18800.0,market_last,market_last,market_last,662.9999999999998,9.750000000000139,146.171699379,516.8283006209998,1940.25,2603.25,120.0,1.61430555,2.60325,0.0582075,0.0045435,21.891392828999997,646.7499999999998,19.50000000000014,146.1790189315,500.5709810684998,1956.5,2603.25,120.0,1.620079175,2.60325,0.058695000000000004,0.00455975,21.892435006499998,653.2499999999995,19.500000000000277,146.1639304685,507.08606953149956,1943.5000000000002,2596.75,120.0,1.6131508250000002,2.59675,0.05830500000000001,0.00454025,21.8911843935,672.75,0.0,0.0,672.75,1937.0,2609.75,0.0,0.0,0.0,0.0,0.0,0.0
2023-07-13,2023-07-06,2023-07-07,Bull,Bear,19497.3,19520.75,19413.75,19500,50.0,PE,19300.0,19250.0,19200.0,market_last,market_last,market_last,747.4999999999998,9.749999999999908,146.79639269499998,600.7036073049998,2210.0,2957.5,120.0,1.83601275,2.9575,0.0663,0.005167499999999999,21.931412445,734.4999999999995,19.499999999999908,146.80224833699998,587.6977516629995,2223.0,2957.5,120.0,1.8406316500000002,2.9575,0.06669,0.005180499999999999,21.932246187,737.7499999999991,19.500000000000277,146.7886237845,590.9613762154991,2213.2500000000005,2950.9999999999995,120.0,1.8348580250000002,2.9509999999999996,0.06639750000000001,0.00516425,21.9312040095,757.25,0.0,0.0,757.25,2206.75,2964.0,0.0,0.0,0.0,0.0,0.0,0.0
2023-07-20,2023-07-13,2023-07-14,Bull,Bull,19413.75,19452.05,19979.15,19450,50.0,PE,19250.0,19200.0,19150.0,market_last,market_last,market_last,412.75,9.750000000000139,145.19604302850001,267.5539569715,1608.75,2021.5,120.0,1.2898278250000001,2.0215,0.0482625,0.00363025,21.8328224535,399.74999999999966,19.50000000000014,145.2079789915,254.54202100849966,1625.0,2024.75,120.0,1.296756175,2.02475,0.04875,0.0036497499999999998,21.834073066499997,402.9999999999998,19.500000000000163,145.18827411799998,257.8117258819998,1612.0,2014.9999999999998,120.0,1.2886731,2.0149999999999997,0.04836,0.003627,21.832614017999997,422.5,0.0,0.0,422.5,1605.5,2028.0,0.0,0.0,0.0,0.0,0.0,0.0
2023-07-27,2023-07-20,2023-07-21,Bull,Bear,19979.15,19867.8,19659.9,19850,50.0,PE,19650.0,19600.0,19550.0,market_last,market_last,market_last,1170.0,9.749999999999908,148.114003938,1021.885996062,2593.5,3763.5,120.0,2.2586421000000003,3.7635,0.077805,0.006357,22.007699837999997,1156.9999999999998,19.499999999999908,148.11985958,1008.8801404199997,2606.5,3763.5,120.0,2.263261,3.7635,0.078195,0.00637,22.008533579999998,1160.25,19.500000000000277,148.1062350275,1012.1437649725,2596.75,3757.0,120.0,2.257487375,3.757,0.0779025,0.00635375,22.007491402499998,1179.75,0.0,0.0,1179.75,2590.25,3770.0,0.0,0.0,0.0,0.0,0.0,0.0
2023-08-03,2023-07-27,2023-07-28,Bull,Bear,19659.9,19646.15,19381.65,19650,50.0,PE,19450.0,19400.0,19350.0,market_last,market_last,market_last,3965.0,9.749999999999908,153.60419721799983,3811.3958027820004,3405.9999999999054,7370.999999999905,120.0,3.829068099999933,7.370999999999905,0.10217999999999716,0.010776999999999811,22.291172117999988,3942.25,19.49999999999977,153.5901233075,3788.6598766925,3415.75,7358.0,120.0,3.827913375,7.3580000000000005,0.10247250000000001,0.01077375,22.2909636825,3955.25,19.500000000000277,153.5964283074998,3801.6535716925,3409.2499999999054,7364.499999999905,120.0,3.827913374999933,7.3644999999999055,0.10227749999999716,0.01077374999999981,22.29096368249999,3974.75,0.0,0.0,3974.75,3402.7499999999054,7377.499999999905,0.0,0.0,0.0,0.0,0.0,0.0
2023-08-10,2023-08-03,2023-08-04,Bull,Bull,19381.65,19455.9,19543.1,19450,50.0,PE,19250.0,19200.0,19150.0,market_last,market_last,market_last,663.0000000000005,9.749999999999908,146.566920244,516.4330797560004,2151.4999999999995,2814.5,120.0,1.7644198,2.8145000000000002,0.06454499999999999,0.004966,21.918489444,650.0000000000005,19.499999999999908,146.572775886,503.42722411400047,2164.4999999999995,2814.5,120.0,1.7690387,2.8145000000000002,0.06493499999999999,0.004979,21.919323186,653.25,19.500000000000277,146.55915133350004,506.69084866649996,2154.75,2808.0,120.0,1.763265075,2.8080000000000003,0.0646425,0.00496275,21.918281008500003,672.75,0.0,0.0,672.75,2148.25,2821.0,0.0,0.0,0.0,0.0,0.0,0.0
2023-08-24,2023-08-17,2023-08-18,Bull,Bull,19365.25,19267.4,19386.7,19250,50.0,PE,19050.0,19000.0,18950.0,market_last,market_last,market_last,467.9999999999999,9.750000000000139,145.572457736,322.4275422639999,1768.0,2236.0,120.0,1.4226212,2.236,0.053040000000000004,0.004004,21.856792535999997,454.9999999999999,19.50000000000014,145.57831337800002,309.42168662199987,1781.0,2236.0,120.0,1.4272401000000001,2.236,0.05343,0.004017,21.857626278,458.25,19.500000000000163,145.5646888255,312.6853111745,1771.25,2229.5,120.0,1.4214664750000001,2.2295000000000003,0.053137500000000004,0.00400075,21.8565841005,477.75,0.0,0.0,477.75,1764.75,2242.5,0.0,0.0,0.0,0.0,0.0,0.0
2023-08-31,2023-08-24,2023-08-25,Bull,Bear,19386.7,19333.55,19253.8,19350,50.0,PE,19150.0,19100.0,19050.0,market_last,market_last,market_last,585.0,9.749999999999908,146.49260831799998,438.50739168200005,2171.0,2756.0,120.0,1.7505631000000001,2.7560000000000002,0.06513000000000001,0.004927,21.915988217999995,568.7499999999998,19.499999999999908,146.4999278705,422.2500721294998,2187.25,2756.0,120.0,1.7563367250000002,2.7560000000000002,0.0656175,0.00494325,21.9170303955,575.25,19.500000000000277,146.4848394075,428.7651605925,2174.25,2749.5,120.0,1.749408375,2.7495000000000003,0.06522750000000001,0.00492375,21.9157797825,594.75,0.0,0.0,594.75,2167.75,2762.5,0.0,0.0,0.0,0.0,0.0,0.0
2023-09-07,2023-08-31,2023-09-01,Bull,Bull,19253.8,19309.65,19727.05,19300,50.0,PE,19100.0,19050.0,19000.0,market_last,market_last,market_last,503.75,9.750000000000139,145.2644993125,358.4855006875,1576.25,2080.0,120.0,1.2990656250000001,2.08,0.0472875,0.0036562499999999998,21.8344899375,490.7499999999998,19.50000000000014,145.2703549545,345.47964504549975,1589.25,2080.0,120.0,1.303684525,2.08,0.047677500000000005,0.0036692499999999998,21.8353236795,493.9999999999998,19.500000000000163,145.25673040200002,348.74326959799976,1579.5,2073.5,120.0,1.2979109,2.0735,0.047385000000000004,0.003653,21.834281502,513.5,0.0,0.0,513.5,1573.0,2086.5,0.0,0.0,0.0,0.0,0.0,0.0
2023-09-14,2023-09-07,2023-09-08,Bull,Bull,19727.05,19776.3,20103.1,19800,50.0,PE,19600.0,19550.0,19500.0,market_last,market_last,market_last,571.9999999999998,9.750000000000139,146.042439885,425.95756011499975,1940.25,2512.25,120.0,1.58197325,2.51225,0.0582075,0.0044525,21.885556635,558.9999999999998,19.50000000000014,146.048295527,412.9517044729998,1953.25,2512.25,120.0,1.58659215,2.51225,0.058597500000000004,0.0044655,21.886390376999998,562.2499999999995,19.500000000000277,146.0346709745,416.21532902549956,1943.5000000000002,2505.75,120.0,1.580818525,2.50575,0.05830500000000001,0.00444925,21.885348199499997,581.75,0.0,0.0,581.75,1937.0,2518.75,0.0,0.0,0.0,0.0,0.0,0.0
2023-09-28,2023-09-21,2023-09-22,Bull,Bear,19742.35,19677.75,19523.55,19700,50.0,PE,19500.0,19450.0,19400.0,market_last,market_last,market_last,945.75,9.749999999999908,147.8562748235,797.8937251765,2626.0,3571.75,120.0,2.202060575,3.57175,0.07878,0.00619775,21.9974864985,929.5,19.499999999999908,147.86359437599998,781.636405624,2642.25,3571.75,120.0,2.2078342,3.57175,0.0792675,0.006214,21.998528676,936.0,19.500000000000277,147.84850591300003,788.151494087,2629.25,3565.25,120.0,2.2009058500000003,3.5652500000000003,0.0788775,0.0061944999999999995,21.997278063,955.5,0.0,0.0,955.5,2622.75,3578.25,0.0,0.0,0.0,0.0,0.0,0.0
2023-10-12,2023-10-05,2023-10-06,Bull,Bull,19545.75,19603.9,19794.0,19600,50.0,PE,19400.0,19350.0,19300.0,market_last,market_last,market_last,555.75,9.750000000000139,145.7092614615,410.0407385385,1774.5,2330.25,120.0,1.458417675,2.33025,0.053235000000000005,0.00410475,21.8632540365,542.75,19.50000000000014,145.7151171035,397.0348828965,1787.5,2330.25,120.0,1.463036575,2.33025,0.053625,0.00411775,21.8640877785,546.0,19.500000000000163,145.701492551,400.298507449,1777.75,2323.75,120.0,1.45726295,2.32375,0.0533325,0.0041015,21.863045601,565.5,0.0,0.0,565.5,1771.25,2336.75,0.0,0.0,0.0,0.0,0.0,0.0
2023-10-19,2023-10-12,2023-10-13,Bull,Bear,19794.0,19711.75,19624.7,19700,50.0,PE,19500.0,19450.0,19400.0,market_last,market_last,market_last,685.7499999999998,9.750000000000139,146.3681829195,539.3818170804998,2028.0,2713.75,120.0,1.684743775,2.71375,0.06084,0.0047417499999999994,21.9041073945,672.7499999999995,19.50000000000014,146.37403856150002,526.3759614384995,2041.0,2713.75,120.0,1.6893626750000001,2.71375,0.06123,0.004754749999999999,21.9049411365,675.9999999999995,19.500000000000277,146.36041400899998,529.6395859909995,2031.25,2707.2499999999995,120.0,1.6835890500000001,2.7072499999999997,0.0609375,0.0047385,21.903898959,695.5,0.0,0.0,695.5,2024.75,2720.25,0.0,0.0,0.0,0.0,0.0,0.0
2023-11-02,2023-10-26,2023-10-27,Bull,Bull,18857.25,19001.6,19133.25,19000,50.0,PE,18800.0,18750.0,18700.0,market_last,market_last,market_last,1199.2500000000005,9.749999999999677,148.8304672635,1050.4195327365005,2954.2499999999995,4153.5,120.0,2.525383575,4.1535,0.08862749999999998,0.0071077499999999995,22.0558484385,1186.2500000000005,19.499999999999677,148.8363229055,1037.4136770945004,2967.2499999999995,4153.5,120.0,2.5300024750000003,4.1535,0.08901749999999999,0.0071207499999999995,22.0566821805,1189.5,19.500000000000277,148.822698353,1040.677301647,2957.5,4147.0,120.0,2.52422885,4.147,0.088725,0.0071045,22.055640002999997,1209.0,0.0,0.0,1209.0,2951.0,4160.0,0.0,0.0,0.0,0.0,0.0,0.0
2023-11-09,2023-11-02,2023-11-03,Bull,Bull,19133.25,19250.75,19395.3,19250,50.0,PE,19050.0,19000.0,18950.0,market_last,market_last,market_last,581.7499999999997,9.750000000000139,145.5516224735,436.19837752649966,1670.5,2252.2499999999995,120.0,1.393753075,2.2522499999999996,0.050115,0.003922749999999999,21.8515816485,568.7499999999998,19.50000000000014,145.5574781155,423.1925218844998,1683.5,2252.2499999999995,120.0,1.3983719749999999,2.2522499999999996,0.050505,0.003935749999999999,21.8524153905,571.9999999999998,19.500000000000163,145.543853563,426.4561464369998,1673.75,2245.75,120.0,1.39259835,2.24575,0.0502125,0.0039195,21.851373213,591.5,0.0,0.0,591.5,1667.25,2258.75,0.0,0.0,0.0,0.0,0.0,0.0
2023-11-16,2023-11-09,2023-11-10,Bull,Bull,19395.3,19336.35,19765.2,19350,50.0,PE,19150.0,19100.0,19050.0,market_last,market_last,market_last,341.25,9.750000000000139,145.1005623185,196.1494376815,1612.0,1953.25,120.0,1.2667333250000001,1.95325,0.04836,0.00356525,21.8286537435,328.2499999999998,19.50000000000014,145.1064179605,183.14358203949976,1625.0,1953.25,120.0,1.271352225,1.95325,0.04875,0.00357825,21.8294874855,331.5,19.500000000000163,145.09279340799998,186.40720659200002,1615.25,1946.75,120.0,1.2655786,1.94675,0.0484575,0.0035619999999999996,21.828445308,351.0,0.0,0.0,351.0,1608.75,1959.75,0.0,0.0,0.0,0.0,0.0,0.0
2023-11-23,2023-11-16,2023-11-17,Bull,Bull,19765.2,19792.65,19802.0,19800,50.0,PE,19600.0,19550.0,19500.0,market_last,market_last,market_last,604.5,9.750000000000139,145.960917249,458.539082751,1872.0,2476.5,120.0,1.54502205,2.4765,0.05616,0.0043485,21.878886699,588.2499999999998,19.50000000000014,145.96823680149998,442.2817631984998,1888.25,2476.5,120.0,1.550795675,2.4765,0.0566475,0.00436475,21.8799288765,594.7499999999998,19.500000000000277,145.9531483385,448.7968516614998,1875.25,2470.0,120.0,1.5438673250000001,2.47,0.0562575,0.00434525,21.8786782635,614.25,0.0,0.0,614.25,1868.75,2483.0,0.0,0.0,0.0,0.0,0.0,0.0
2023-12-07,2023-11-30,2023-12-01,Bull,Bull,20133.15,20255.2,20901.15,20250,50.0,PE,20050.0,20000.0,19950.0,market_last,market_last,market_last,1335.7499999999998,9.749999999999677,148.71426013349998,1187.0357398664999,2788.5,4124.25,120.0,2.456100075,4.12425,0.08365500000000001,0.00691275,22.043342308499998,1322.7499999999998,19.499999999999677,148.7201157755,1174.0298842244997,2801.5,4124.25,120.0,2.4607189750000003,4.12425,0.08404500000000001,0.00692575,22.0441760505,1325.9999999999998,19.500000000000277,148.706491223,1177.2935087769997,2791.75,4117.75,120.0,2.45494535,4.11775,0.08375250000000001,0.0069095,22.043133873000002,1345.5,0.0,0.0,1345.5,2785.25,4130.75,0.0,0.0,0.0,0.0,0.0,0.0
2023-12-14,2023-12-07,2023-12-08,Bull,Bull,20901.15,20991.75,21182.7,21000,50.0,PE,20800.0,20750.0,20700.0,market_last,market_last,market_last,858.0000000000005,9.749999999999908,147.23912573899997,710.7608742610005,2362.7499999999995,3220.75,120.0,1.9838175500000002,3.2207500000000002,0.07088249999999999,0.0055835,21.958092189,845.0,19.499999999999908,147.244981381,697.755018619,2375.7499999999995,3220.75,120.0,1.98843645,3.2207500000000002,0.07127249999999999,0.0055965,21.958925930999996,848.2499999999995,19.500000000000277,147.2313568285,701.0186431714995,2366.0,3214.2499999999995,120.0,1.982662825,3.21425,0.07098,0.00558025,21.9578837535,867.75,0.0,0.0,867.75,2359.5,3227.25,0.0,0.0,0.0,0.0,0.0,0.0
2023-12-21,2023-12-14,2023-12-15,Bull,Bull,21182.7,21285.45,21255.05,21300,50.0,PE,21100.0,21050.0,21000.0,market_last,market_last,market_last,903.5000000000002,9.749999999999908,147.133506498,756.3664935020003,2271.7499999999995,3175.25,120.0,1.9353191,3.17525,0.06815249999999999,0.005447,21.949337898,890.5000000000002,19.499999999999908,147.13936214,743.3606378600002,2284.7499999999995,3175.25,120.0,1.9399380000000002,3.17525,0.06854249999999999,0.00546,21.950171639999997,893.7499999999998,19.500000000000277,147.1257375875,746.6242624124998,2275.0,3168.75,120.0,1.9341643750000002,3.16875,0.06825,0.00544375,21.949129462499997,913.25,0.0,0.0,913.25,2268.5,3181.75,0.0,0.0,0.0,0.0,0.0,0.0
2024-01-04,2023-12-28,2023-12-29,Bull,Bear,21778.7,21724.15,21658.6,21700,50.0,PE,21500.0,21450.0,21400.0,market_last,market_last,market_last,2018.250000000001,9.749999999999446,152.03071024449997,1866.219289755501,4042.9999999999995,6061.25,120.0,3.590040025,6.06125,0.12129,0.01010425,22.2480259695,2005.2500000000005,19.499999999999446,152.0365658865,1853.2134341135004,4055.9999999999995,6061.25,120.0,3.594658925,6.06125,0.12167999999999998,0.01011725,22.2488597115,2008.5,19.500000000000277,152.022941334,1856.477058666,4046.25,6054.75,120.0,3.5888853000000003,6.05475,0.12138750000000001,0.010100999999999999,22.247817534,2028.0,0.0,0.0,2028.0,4039.75,6067.75,0.0,0.0,0.0,0.0,0.0,0.0
2024-01-11,2024-01-04,2024-01-05,Bull,Bear,21658.6,21741.15,21647.2,21750,50.0,PE,21550.0,21500.0,21450.0,market_last,market_last,market_last,1066.0000000000005,9.749999999999677,148.507427371,917.4925726290005,2882.7499999999995,3948.75,120.0,2.42723195,3.94875,0.08648249999999999,0.0068315,22.038131421000003,1053.0000000000005,19.499999999999677,148.513283013,904.4867169870005,2895.7499999999995,3948.75,120.0,2.43185085,3.94875,0.08687249999999999,0.0068445,22.038965163,1056.25,19.500000000000277,148.4996584605,907.7503415395,2886.0,3942.25,120.0,2.4260772250000002,3.94225,0.08658,0.00682825,22.0379229855,1075.75,0.0,0.0,1075.75,2879.5,3955.25,0.0,0.0,0.0,0.0,0.0,0.0
2024-01-18,2024-01-11,2024-01-12,Bull,Bear,21647.2,21754.2,21462.25,21750,50.0,PE,21550.0,21500.0,21450.0,market_last,market_last,market_last,4823.0,9.749999999999446,159.39533098200002,4663.604669018,5850.0,10673.0,120.0,5.870621900000001,10.673,0.17550000000000002,0.016523,22.659686082,4819.75,19.499999999999076,159.39071457149998,4660.3592854285,5850.0,10669.75,120.0,5.8694671750000005,10.66975,0.17550000000000002,0.01651975,22.659477646499997,4813.25,19.500000000000277,159.38756207149999,4653.8624379285,5853.25,10666.5,120.0,5.8694671750000005,10.666500000000001,0.17559750000000002,0.01651975,22.659477646499997,4832.75,0.0,0.0,4832.75,5846.75,10679.5,0.0,0.0,0.0,0.0,0.0,0.0
2024-01-25,2024-01-18,2024-01-19,Bull,Bear,21462.25,21640.6,21352.6,21650,50.0,PE,21450.0,21400.0,21350.0,market_last,market_last,market_last,5694.0,9.749999999999446,164.44489026300016,5529.555109737,7887.750000000095,13581.750000000095,120.0,7.628113350000068,13.581750000000095,0.23663250000000285,0.02146950000000019,22.97692491300001,5703.750000000002,19.499999999999076,164.47698045750005,5539.273019542502,7897.5,13601.25,120.0,7.638505875000001,13.60125,0.236925,0.02149875,22.978800832500003,5684.25,19.499999999999815,164.43712135250018,5519.8128786475,7891.000000000095,13575.250000000095,120.0,7.626958625000068,13.575250000000095,0.23673000000000285,0.021466250000000187,22.976716477500013,5703.75,0.0,0.0,5703.75,7884.500000000095,13588.250000000095,0.0,0.0,0.0,0.0,0.0,0.0
2024-02-08,2024-02-01,2024-02-02,Bull,Bull,21697.45,21925.15,21717.95,21950,50.0,PE,21750.0,21700.0,21650.0,market_last,market_last,market_last,4562.999999999953,9.749999999999446,156.69117487799994,4406.308825121952,4602.0,9164.999999999953,120.0,4.891415099999984,9.164999999999953,0.13806000000000002,0.013766999999999953,22.482932778,4537.0,19.499999999999492,156.678564878,4380.321435122,4615.0,9152.0,120.0,4.891415100000001,9.152000000000001,0.13845,0.013767,22.482932778,4553.249999999953,19.499999999999815,156.68340596749997,4396.5665940324525,4605.25,9158.499999999953,120.0,4.890260374999984,9.158499999999952,0.13815750000000002,0.013763749999999951,22.482724342499996,4572.749999999953,0.0,0.0,4572.749999999953,4598.75,9171.499999999953,0.0,0.0,0.0,0.0,0.0,0.0
2024-02-15,2024-02-08,2024-02-09,Bull,Bull,21717.95,21678.25,21910.75,21700,50.0,PE,21500.0,21450.0,21400.0,market_last,market_last,market_last,3978.0,9.749999999999446,159.84891156400002,3818.151088436,6734.0,10712.0,120.0,6.1985638000000005,10.712,0.20202,0.017446,22.718881764000002,3965.0,19.499999999999446,159.854767206,3805.145232794,6747.0,10712.0,120.0,6.2031827,10.712,0.20241,0.017459,22.719715506,3968.250000000001,19.49999999999889,159.8411426535,3808.408857346501,6737.249999999999,10705.5,120.0,6.197409075,10.7055,0.20211749999999998,0.01744275,22.7186733285,3987.75,0.0,0.0,3987.75,6730.75,10718.5,0.0,0.0,0.0,0.0,0.0,0.0
2024-02-22,2024-02-15,2024-02-16,Bull,Bull,21910.75,22006.1,22217.45,22000,50.0,PE,21800.0,21750.0,21700.0,market_last,market_last,market_last,2541.5,9.749999999999446,154.038659103,2387.461340897,4719.0,7260.5,120.0,4.2563163500000005,7.2605,0.14157,0.011979499999999999,22.368293253,2528.5,19.499999999999446,154.04451474500001,2374.455485255,4732.0,7260.5,120.0,4.26093525,7.2605,0.14196,0.0119925,22.369126995000002,2531.7500000000005,19.499999999999815,154.0308901925,2377.7191098075004,4722.249999999999,7254.0,120.0,4.255161625,7.2540000000000004,0.14166749999999997,0.011976249999999999,22.368084817499998,2551.25,0.0,0.0,2551.25,4715.75,7267.0,0.0,0.0,0.0,0.0,0.0,0.0
2024-02-29,2024-02-22,2024-02-23,Bull,Bear,22217.45,22254.85,21982.8,22250,50.0,PE,22050.0,22000.0,21950.0,market_last,market_last,market_last,6058.000000000001,9.749999999999446,161.85488420800007,5896.145115792001,6227.000000000047,12285.000000000047,120.0,6.577313600000034,12.285000000000048,0.18681000000000142,0.018512000000000094,22.787248608000006,6028.75,19.499999999999307,161.8498184395,5866.9001815605,6246.5,12275.25,120.0,6.5807777750000005,12.27525,0.187395,0.01852175,22.7878739145,6048.25,19.499999999999353,161.84711529750007,5886.4028847025,6230.250000000046,12278.500000000047,120.0,6.576158875000034,12.278500000000047,0.1869075000000014,0.018508750000000095,22.787040172500003,6067.75,0.0,0.0,6067.75,6223.750000000047,12291.500000000047,0.0,0.0,0.0,0.0,0.0,0.0
2024-03-07,2024-02-29,2024-03-02,Bull,Bull,21982.8,22395.0,22493.55,22400,50.0,PE,22200.0,22150.0,22100.0,market_last,market_last,market_last,2912.0,9.749999999999446,155.35537162999998,2756.64462837,5141.5,8053.5,120.0,4.6881835,8.0535,0.154245,0.013195,22.446248129999997,2899.000000000001,19.499999999999446,155.361227272,2743.6387727280007,5154.5,8053.5,120.0,4.692802400000001,8.0535,0.154635,0.013208,22.447081872000002,2902.250000000001,19.499999999999353,155.34760271950003,2746.9023972805007,5144.749999999999,8047.0,120.0,4.687028775,8.047,0.15434249999999997,0.013191749999999999,22.4460396945,2921.75,0.0,0.0,2921.75,5138.25,8060.0,0.0,0.0,0.0,0.0,0.0,0.0
2024-03-21,2024-03-14,2024-03-15,Bull,Bear,22146.65,21985.15,22011.95,22000,50.0,PE,21800.0,21750.0,21700.0,market_last,market_last,market_last,3292.250000000001,9.749999999999446,157.2635638835,3134.986436116501,5872.75,9165.0,120.0,5.342912575000001,9.165000000000001,0.1761825,0.015037749999999999,22.5644310585,3279.250000000002,19.499999999999446,157.26941952549998,3121.980580474502,5885.75,9165.0,120.0,5.347531475,9.165000000000001,0.1765725,0.01505075,22.5652648005,3282.5000000000027,19.49999999999889,157.255794973,3125.244205027003,5875.999999999999,9158.500000000002,120.0,5.3417578500000005,9.158500000000002,0.17627999999999996,0.0150345,22.564222623,3302.0,0.0,0.0,3302.0,5869.5,9171.5,0.0,0.0,0.0,0.0,0.0,0.0
2024-04-25,2024-04-18,2024-04-19,Bull,Bull,21995.85,21869.75,22570.35,21850,50.0,PE,21650.0,21600.0,21550.0,market_last,market_last,market_last,3955.250000000001,9.749999999999446,158.9227895035,3796.327210496501,6256.25,10211.5,120.0,5.850991575,10.211500000000001,0.1876875,0.01646775,22.6561426785,3945.500000000001,19.499999999999446,158.939341877,3786.560658123001,6272.5,10218.0,120.0,5.85907465,10.218,0.188175,0.016490499999999998,22.657601727,3945.500000000001,19.49999999999889,158.915020593,3786.584979407001,6259.5,10205.0,120.0,5.84983685,10.205,0.187785,0.0164645,22.655934243,3965.0,0.0,0.0,3965.0,6253.0,10218.0,0.0,0.0,0.0,0.0,0.0,0.0
2024-05-09,2024-05-02,2024-05-03,Bull,Bear,22648.2,22767.7,21957.5,22750,50.0,PE,22550.0,22500.0,22450.0,market_last,market_last,market_last,-27095.25,9.749999999999446,235.3660477325,-27330.6160477325,70690.75,43595.5,120.0,40.605904625,43.5955,2.1207225,0.11428624999999999,28.929634357499996,-27069.249999999996,19.499999999994273,235.4759428685,-27304.725942868496,70729.75,43660.5,120.0,40.642855825000005,43.6605,2.1218925,0.11439025,28.9363042935,-27105.0,19.500000000000277,235.35827882200002,-27340.358278822,70694.0,43589.0,120.0,40.6047499,43.589,2.12082,0.114283,28.929425922,-27085.5,0.0,0.0,-27085.5,70687.5,43602.0,0.0,0.0,0.0,0.0,0.0,0.0
2024-05-16,2024-05-09,2024-05-10,Bull,Bull,21957.5,22108.25,22403.85,22100,50.0,PE,21900.0,21850.0,21800.0,market_last,market_last,market_last,2593.5,9.749999999999446,154.142923276,2439.357076724,4735.25,7328.75,120.0,4.2863392000000005,7.32875,0.1420575,0.012064,22.373712576,2580.5,19.499999999999446,154.148778918,2426.351221082,4748.25,7328.75,120.0,4.2909581,7.32875,0.1424475,0.012077,22.374546318,2583.75,19.499999999999815,154.13515436549997,2429.6148456345,4738.499999999999,7322.249999999999,120.0,4.285184474999999,7.3222499999999995,0.14215499999999998,0.012060749999999997,22.3735041405,2603.25,0.0,0.0,2603.25,4732.0,7335.25,0.0,0.0,0.0,0.0,0.0,0.0
2024-05-23,2024-05-16,2024-05-17,Bull,Bull,22403.85,22407.2,22967.65,22400,50.0,PE,22200.0,22150.0,22100.0,market_last,market_last,market_last,2245.7500000000005,9.749999999999446,152.97405172150002,2092.7759482785004,4374.5,6620.25,120.0,3.9064346750000003,6.62025,0.131235,0.01099475,22.3051372965,2232.7500000000005,19.499999999999446,152.97990736350002,2079.7700926365005,4387.5,6620.25,120.0,3.9110535750000004,6.62025,0.131625,0.01100775,22.3059710385,2236.0,19.499999999999815,152.966282811,2083.033717189,4377.75,6613.75,120.0,3.90527995,6.6137500000000005,0.1313325,0.0109915,22.304928860999997,2255.5,0.0,0.0,2255.5,4371.25,6626.75,0.0,0.0,0.0,0.0,0.0,0.0
2024-05-30,2024-05-23,2024-05-24,Bull,Bear,22967.65,22944.85,22488.65,22950,50.0,PE,22750.0,22700.0,22650.0,market_last,market_last,market_last,-3997.4999999999036,9.749999999999446,191.87292892699978,-4189.372928926903,29906.49999999981,25908.999999999905,120.0,19.8312471499999,25.908999999999907,0.8971949999999943,0.05581549999999971,25.179671276999983,-4000.750000000001,19.500000000001663,191.8500715535,-4192.600071553501,29896.75,25896.0,120.0,19.823164075,25.896,0.8969025,0.055792749999999995,25.178212228499998,-4007.2499999999054,19.499999999999353,191.86516001649977,-4199.115160016405,29909.74999999981,25902.499999999905,120.0,19.8300924249999,25.902499999999907,0.8972924999999944,0.055812249999999716,25.17946284149998,-3987.7499999999054,0.0,0.0,-3987.7499999999054,29903.24999999981,25915.499999999905,0.0,0.0,0.0,0.0,0.0,0.0
2024-06-06,2024-05-30,2024-05-31,Bull,Bull,22488.65,22576.9,22821.4,22600,50.0,PE,22400.0,22350.0,22300.0,market_last,market_last,market_last,16444.999999999996,9.750000000002217,202.401653848,16242.598346151997,20013.500000000004,36458.5,120.0,20.0645016,36.4585,0.6004050000000001,0.056471999999999994,25.221775248,16431.99999999999,19.500000000002217,202.40750949000002,16229.59249050999,20026.500000000004,36458.5,120.0,20.0691205,36.4585,0.6007950000000001,0.056485,25.22260899,16435.249999999996,19.500000000004434,202.3938849375,16232.856115062496,20016.750000000004,36452.0,120.0,20.063346875,36.452,0.6005025000000002,0.05646875,25.2215668125,16454.75,0.0,0.0,16454.75,20010.25,36465.0,0.0,0.0,0.0,0.0,0.0,0.0
2024-06-13,2024-06-06,2024-06-07,Bull,Bull,22821.4,22978.3,23398.9,23000,50.0,PE,22800.0,22750.0,22700.0,market_last,market_last,market_last,6834.75,9.750000000001293,170.0052983565,6664.7447016435,9993.75,16828.5,120.0,9.529945425000001,16.828500000000002,0.2998125,0.02682225,23.3202181815,6821.750000000001,19.500000000001293,170.0111539985,6651.738846001501,10006.75,16828.5,120.0,9.534564325,16.828500000000002,0.3002025,0.026835249999999998,23.321051923499997,6825.000000000002,19.49999999999889,169.997529446,6655.002470554002,9996.999999999998,16822.0,120.0,9.5287907,16.822,0.29990999999999995,0.026819,23.320009745999997,6844.5,0.0,0.0,6844.5,9990.5,16835.0,0.0,0.0,0.0,0.0,0.0,0.0
2024-06-27,2024-06-20,2024-06-21,Bull,Bull,23567.0,23610.55,24044.5,23600,50.0,PE,23400.0,23350.0,23300.0,market_last,market_last,market_last,1820.0000000000005,9.749999999999446,151.39037026499997,1668.6096297350005,3851.25,5671.25,120.0,3.38334425,5.67125,0.1155375,0.0095225,22.210716015,1803.7500000000005,19.499999999999446,151.3976898175,1652.3523101825003,3867.5,5671.25,120.0,3.389117875,5.67125,0.116025,0.00953875,22.2117581925,1810.2499999999995,19.500000000000277,151.3826013545,1658.8673986454996,3854.5000000000005,5664.75,120.0,3.3821895250000003,5.66475,0.11563500000000002,0.00951925,22.2105075795,1829.75,0.0,0.0,1829.75,3848.0,5677.75,0.0,0.0,0.0,0.0,0.0,0.0
2024-07-04,2024-06-27,2024-06-28,Bull,Bull,24044.5,24134.45,24302.15,24150,50.0,PE,23950.0,23900.0,23850.0,market_last,market_last,market_last,3484.000000000001,9.749999999999446,157.64537788100003,3326.354622119001,5931.25,9415.25,120.0,5.45261145,9.41525,0.1779375,0.015346499999999999,22.584232431,3471.000000000001,19.499999999999446,157.65123352299997,3313.348766477001,5944.25,9415.25,120.0,5.457230350000001,9.41525,0.1783275,0.0153595,22.585066173,3474.250000000001,19.49999999999889,157.6376089705,3316.612391029501,5934.5,9408.75,120.0,5.451456725,9.40875,0.178035,0.01534325,22.5840239955,3493.75,0.0,0.0,3493.75,5928.0,9421.75,0.0,0.0,0.0,0.0,0.0,0.0
2024-07-11,2024-07-04,2024-07-05,Bull,Bull,24302.15,24187.75,24315.95,24200,50.0,PE,24000.0,23950.0,23900.0,market_last,market_last,market_last,1576.2500000000005,9.749999999999446,150.67932021750002,1425.5706797825005,3656.25,5232.5,120.0,3.158172875,5.2325,0.10968750000000001,0.008888749999999999,22.1700710925,1563.25,19.499999999999446,150.6851758595,1412.5648241405,3669.25,5232.5,120.0,3.162791775,5.2325,0.11007750000000001,0.00890175,22.1709048345,1566.4999999999995,19.500000000000277,150.671551307,1415.8284486929995,3659.5000000000005,5226.0,120.0,3.1570181500000003,5.226,0.10978500000000002,0.0088855,22.169862657,1586.0,0.0,0.0,1586.0,3653.0,5239.0,0.0,0.0,0.0,0.0,0.0,0.0
2024-07-25,2024-07-18,2024-07-19,Bull,Bear,24800.85,24718.9,24406.1,24700,50.0,PE,24500.0,24450.0,24400.0,market_last,market_last,market_last,9022.0,9.75000000000037,176.05501798700016,8845.944982013,11566.750000000095,20588.750000000095,120.0,11.424849150000068,20.588750000000093,0.3470025000000028,0.03215550000000019,23.66226083700001,8992.75,19.5,176.02563093450001,8816.7243690655,11573.25,20566.0,120.0,11.419075525,20.566,0.3471975,0.03213925,23.6612186595,9012.25,19.49999999999889,176.04724907650018,8836.2027509235,11570.000000000095,20582.250000000095,120.0,11.423694425000068,20.582250000000094,0.34710000000000285,0.03215225000000019,23.66205240150001,9031.75,0.0,0.0,9031.75,11563.500000000095,20595.250000000095,0.0,0.0,0.0,0.0,0.0,0.0
2024-08-01,2024-07-25,2024-07-26,Bull,Bull,24406.1,24548.65,25010.9,24550,50.0,PE,24350.0,24300.0,24250.0,market_last,market_last,market_last,2262.000000000001,9.749999999999446,152.991053453,2109.008946547001,4371.25,6633.250000000001,120.0,3.9098988500000003,6.633250000000001,0.1311375,0.011004499999999999,22.305762602999998,2249.000000000001,19.499999999999446,152.996909095,2096.003090905001,4384.25,6633.250000000001,120.0,3.9145177500000004,6.633250000000001,0.1315275,0.0110175,22.306596345,2252.25,19.499999999999815,152.98328454249997,2099.2667154575,4374.5,6626.75,120.0,3.908744125,6.62675,0.131235,0.011001249999999999,22.3055541675,2271.75,0.0,0.0,2271.75,4368.0,6639.75,0.0,0.0,0.0,0.0,0.0,0.0
2024-08-08,2024-08-01,2024-08-02,Bull,Bear,25010.9,24739.25,24117.0,24750,50.0,PE,24550.0,24500.0,24450.0,market_last,market_last,market_last,-14742.0,9.749999999999446,219.677989457,-14961.677989457,52926.25,38184.25,120.0,32.37156065,38.18425,1.5877875000000001,0.0911105,27.443280807,-14803.749999999996,19.500000000001663,219.8152495345,-15023.565249534497,53046.5,38242.75,120.0,32.435070525,38.24275,1.5913950000000001,0.09128925,27.4547447595,-14751.75,19.49999999999889,219.6702205465,-14971.4202205465,52929.5,38177.75,120.0,32.370405925,38.17775,1.587885,0.09110725,27.443072371499998,-14732.25,0.0,0.0,-14732.25,52923.0,38190.75,0.0,0.0,0.0,0.0,0.0,0.0
2024-08-22,2024-08-14,2024-08-16,Bull,Bull,24143.75,24299.1,24811.5,24300,50.0,PE,24100.0,24050.0,24000.0,market_last,market_last,market_last,2596.750000000001,9.749999999999446,154.28738706949997,2442.462612930501,4810.0,7406.750000000001,120.0,4.3406112750000005,7.4067500000000015,0.1443,0.01221675,22.3835090445,2583.7500000000005,19.499999999999446,154.2932427115,2429.4567572885003,4823.0,7406.750000000001,120.0,4.345230175,7.4067500000000015,0.14469,0.01222975,22.3843427865,2587.0,19.499999999999815,154.279618159,2432.720381841,4813.25,7400.25,120.0,4.33945655,7.40025,0.1443975,0.012213499999999999,22.383300609,2606.5,0.0,0.0,2606.5,4806.75,7413.25,0.0,0.0,0.0,0.0,0.0,0.0
2024-08-29,2024-08-22,2024-08-23,Bull,Bull,24811.5,24822.15,25151.95,24800,50.0,PE,24600.0,24550.0,24500.0,market_last,market_last,market_last,1381.2500000000002,9.749999999999677,149.2288336345,1232.0211663655002,3028.9999999999995,4410.25,120.0,2.643165525,4.4102500000000004,0.09086999999999999,0.00743925,22.0771088595,1361.7500000000002,19.499999999999677,149.2558580605,1212.4941419395002,3058.2499999999995,4420.0,120.0,2.657022225,4.42,0.09174749999999998,0.00747825,22.0796100855,1371.4999999999993,19.500000000000277,149.221064724,1222.2789352759994,3032.25,4403.749999999999,120.0,2.6420108,4.40375,0.0909675,0.007435999999999999,22.076900423999998,1391.0,0.0,0.0,1391.0,3025.75,4416.75,0.0,0.0,0.0,0.0,0.0,0.0
2024-09-05,2024-08-29,2024-08-30,Bull,Bear,25151.95,25224.9,25145.1,25200,50.0,PE,25000.0,24950.0,24900.0,market_last,market_last,market_last,1543.7500000000005,9.749999999999446,149.9886420865,1393.7613579135004,3311.7499999999995,4855.5,120.0,2.901823925,4.8555,0.09935249999999998,0.00816725,22.1237984115,1530.7500000000005,19.499999999999446,149.9944977285,1380.7555022715005,3324.7499999999995,4855.5,120.0,2.906442825,4.8555,0.09974249999999998,0.00818025,22.1246321535,1533.9999999999995,19.500000000000277,149.980873176,1384.0191268239996,3315.0,4849.0,120.0,2.9006692000000003,4.849,0.09945,0.008164,22.123589975999998,1553.5,0.0,0.0,1553.5,3308.5,4862.0,0.0,0.0,0.0,0.0,0.0,0.0
2024-09-12,2024-09-05,2024-09-06,Bull,Bull,25145.1,24993.65,25388.9,25000,50.0,PE,24800.0,24750.0,24700.0,market_last,market_last,market_last,2788.500000000001,9.749999999999446,155.429241192,2633.070758808001,5274.749999999999,8063.25,120.0,4.738991400000001,8.06325,0.15824249999999998,0.013338,22.455419292000002,2775.5,19.499999999999446,155.441177155,2620.058822845,5290.999999999999,8066.5,120.0,4.7459197500000005,8.0665,0.15872999999999998,0.0133575,22.456669905,2778.750000000001,19.499999999999353,155.42147228150003,2623.328527718501,5277.999999999999,8056.75,120.0,4.7378366750000005,8.056750000000001,0.15833999999999998,0.01333475,22.4552108565,2798.25,0.0,0.0,2798.25,5271.5,8069.75,0.0,0.0,0.0,0.0,0.0,0.0
2024-09-19,2024-09-12,2024-09-13,Bull,Bull,25388.9,25327.2,25415.8,25350,50.0,PE,25150.0,25100.0,25050.0,market_last,market_last,market_last,2720.2500000000005,9.749999999999446,155.5086258805,2564.7413741195005,5369.0,8089.25,120.0,4.781716225,8.08925,0.16107,0.01345825,22.463131405499997,2707.2500000000005,19.499999999999446,155.5144815225,2551.7355184775006,5382.0,8089.25,120.0,4.786335125,8.08925,0.16146,0.013471249999999999,22.463965147499998,2710.500000000001,19.499999999999353,155.50085697,2554.999143030001,5372.249999999999,8082.75,120.0,4.7805615,8.08275,0.16116749999999996,0.013455,22.462922969999997,2730.0,0.0,0.0,2730.0,5365.75,8095.75,0.0,0.0,0.0,0.0,0.0,0.0
2024-09-26,2024-09-19,2024-09-20,Bull,Bull,25415.8,25586.7,26216.05,25600,50.0,PE,25400.0,25350.0,25300.0,market_last,market_last,market_last,3246.75,9.749999999999446,156.55442011050002,3090.1955798895,5528.25,8775.0,120.0,5.0819447250000005,8.775,0.1658475,0.01430325,22.5173246355,3233.75,19.499999999999446,156.57243639450002,3077.1775636055,5547.75,8781.5,120.0,5.091182525000001,8.7815,0.1664325,0.01432925,22.5189921195,3236.9999999999995,19.499999999999353,156.54665119999999,3080.4533487999997,5531.5,8768.5,120.0,5.08079,8.7685,0.165945,0.0143,22.5171162,3256.5,0.0,0.0,3256.5,5525.0,8781.5,0.0,0.0,0.0,0.0,0.0,0.0
2024-10-10,2024-10-03,2024-10-04,Bull,Bear,25250.1,25279.3,24998.45,25300,50.0,PE,25100.0,25050.0,25000.0,market_last,market_last,market_last,7397.000000000048,9.749999999999446,170.69449159499987,7226.305508405048,9935.249999999905,17332.249999999953,120.0,9.68814274999995,17.332249999999952,0.29805749999999714,0.027267499999999858,23.348773844999986,7377.500000000001,19.49999999999908,170.660712811,7206.839287189001,9932.0,17309.5,120.0,9.67890495,17.3095,0.29796,0.0272415,23.347106361,7387.250000000048,19.49999999999889,170.6867226844999,7216.5632773155485,9938.499999999905,17325.749999999953,120.0,9.68698802499995,17.325749999999953,0.2981549999999972,0.027264249999999858,23.34856540949999,7406.750000000047,0.0,0.0,7406.750000000047,9931.999999999905,17338.749999999953,0.0,0.0,0.0,0.0,0.0,0.0
2024-10-17,2024-10-10,2024-10-11,Bull,Bear,24998.45,24992.3,24749.85,25000,50.0,PE,24800.0,24750.0,24700.0,market_last,market_last,market_last,6006.0,9.749999999999446,159.35497356100018,5846.645026439,4930.250000000095,10936.250000000095,120.0,5.637367450000068,10.936250000000095,0.14790750000000283,0.01586650000000019,22.61758211100001,5989.75,19.49999999999926,159.3440521505,5830.4059478495,4936.75,10926.5,120.0,5.636212725,10.9265,0.1481025,0.01586325,22.617373675499998,5996.25,19.499999999999815,159.34720465050017,5836.9027953495,4933.500000000095,10929.750000000095,120.0,5.6362127250000675,10.929750000000094,0.14800500000000283,0.01586325000000019,22.61737367550001,6015.75,0.0,0.0,6015.75,4927.000000000095,10942.750000000095,0.0,0.0,0.0,0.0,0.0,0.0
2024-10-24,2024-10-17,2024-10-18,Bull,Bear,24749.85,24645.45,24399.4,24650,50.0,PE,24450.0,24400.0,24350.0,market_last,market_last,market_last,6386.25,9.749999999999446,160.83146302349982,6225.4185369765,5430.749999999905,11816.999999999905,120.0,6.128125574999933,11.816999999999906,0.16292249999999717,0.01724774999999981,22.706167198499987,6366.75,19.499999999999265,160.8220055235,6205.9279944765,5440.5,11807.25,120.0,6.128125575,11.80725,0.163215,0.01724775,22.706167198499998,6376.5,19.499999999999353,160.82369411299982,6215.676305887,5433.999999999905,11810.499999999905,120.0,6.126970849999933,11.810499999999905,0.16301999999999717,0.01724449999999981,22.705958762999987,6396.0,0.0,0.0,6396.0,5427.499999999905,11823.499999999905,0.0,0.0,0.0,0.0,0.0,0.0
2024-10-31,2024-10-24,2024-10-25,Bull,Bear,24399.4,24252.0,24205.35,24250,50.0,PE,24050.0,24000.0,23950.0,market_last,market_last,market_last,3623.75,9.749999999999446,158.08101605149997,3465.6689839485,6058.0,9681.75,120.0,5.592333175,9.681750000000001,0.18174,0.01573975,22.609453126499997,3610.750000000001,19.499999999999446,158.0868716935,3452.6631283065008,6071.0,9681.75,120.0,5.596952075,9.681750000000001,0.18213000000000001,0.01575275,22.6102868685,3614.000000000001,19.49999999999889,158.07324714100002,3455.9267528590008,6061.25,9675.25,120.0,5.59117845,9.67525,0.1818375,0.0157365,22.609244691,3633.5,0.0,0.0,3633.5,6054.75,9688.25,0.0,0.0,0.0,0.0,0.0,0.0
2024-11-14,2024-11-07,2024-11-08,Bull,Bear,24199.35,24191.85,23532.7,24200,50.0,PE,24000.0,23950.0,23900.0,market_last,market_last,market_last,-17137.249999999953,9.749999999999446,223.80313231649993,-17361.053132316454,56949.74999999991,39812.499999999956,120.0,34.37962742499995,39.81249999999996,1.7084924999999975,0.09676224999999987,27.805750141499995,-17069.0,19.500000000001663,223.73590827,-17292.73590827,56862.0,39793.0,120.0,34.3415215,39.793,1.7058600000000002,0.09665499999999999,27.798871769999998,-17146.999999999953,19.49999999999889,223.79536340599986,-17370.795363405952,56952.99999999991,39805.999999999956,120.0,34.37847269999995,39.805999999999955,1.7085899999999974,0.09675899999999986,27.80554170599999,-17127.499999999953,0.0,0.0,-17127.499999999953,56946.49999999991,39818.999999999956,0.0,0.0,0.0,0.0,0.0,0.0
2024-11-28,2024-11-21,2024-11-22,Bull,Bull,23349.9,23499.75,23914.15,23500,50.0,PE,23300.0,23250.0,23200.0,market_last,market_last,market_last,4176.250000000002,9.749999999999446,160.13659292550003,4016.113407074502,6737.249999999999,10913.5,120.0,6.271311475,10.9135,0.20211749999999998,0.01765075,22.7320132005,4163.250000000002,19.499999999999446,160.1424485675,4003.1075514325016,6750.249999999999,10913.5,120.0,6.275930375000001,10.9135,0.20250749999999998,0.01766375,22.7328469425,4166.500000000002,19.49999999999889,160.128824015,4006.3711759850016,6740.499999999999,10907.0,120.0,6.27015675,10.907,0.20221499999999998,0.0176475,22.731804765,4186.0,0.0,0.0,4186.0,6734.0,10920.0,0.0,0.0,0.0,0.0,0.0,0.0
2024-12-05,2024-11-28,2024-11-29,Bull,Bull,23914.15,24062.55,24708.4,24050,50.0,PE,23850.0,23800.0,23750.0,market_last,market_last,market_last,3763.500000000001,9.749999999999446,158.73554577800002,3604.764454222001,6301.75,10065.25,120.0,5.8151951,10.06525,0.1890525,0.016367,22.649681177999998,3750.500000000001,19.499999999999446,158.74140142000002,3591.758598580001,6314.75,10065.25,120.0,5.819814,10.06525,0.1894425,0.01638,22.65051492,3753.750000000001,19.49999999999889,158.7277768675,3595.022223132501,6305.0,10058.75,120.0,5.814040375,10.05875,0.18915,0.01636375,22.6494727425,3773.25,0.0,0.0,3773.25,6298.5,10071.75,0.0,0.0,0.0,0.0,0.0,0.0
2024-12-12,2024-12-05,2024-12-06,Bull,Bear,24708.4,24688.05,24548.7,24700,50.0,PE,24500.0,24450.0,24400.0,market_last,market_last,market_last,6587.75,9.750000000001293,168.6086359465,6419.1413640535,9434.75,16022.5,120.0,9.044960925,16.0225,0.28304250000000003,0.025457249999999997,23.232675271499996,6574.750000000001,19.500000000001293,168.61449158850002,6406.135508411501,9447.75,16022.5,120.0,9.049579825,16.0225,0.28343250000000003,0.02547025,23.2335090135,6578.000000000001,19.49999999999889,168.600867036,6409.399132964001,9438.0,16016.0,120.0,9.0438062,16.016000000000002,0.28314,0.025453999999999997,23.232466836,6597.5,0.0,0.0,6597.5,9431.5,16029.0,0.0,0.0,0.0,0.0,0.0,0.0
2024-12-19,2024-12-12,2024-12-13,Bull,Bear,24548.7,24382.45,23951.7,24400,50.0,PE,24200.0,24150.0,24100.0,market_last,market_last,market_last,-3142.749999999951,9.749999999999446,190.2779365864999,-3333.027936586451,28404.999999999905,25262.249999999953,120.0,19.06797392499995,25.262249999999952,0.8521499999999972,0.053667249999999854,25.04189541149999,-3100.5000000000055,19.500000000001663,190.22850414500002,-3290.7285041450054,28346.5,25246.0,120.0,19.04141525,25.246000000000002,0.850395,0.053592499999999994,25.037101395,-3152.4999999999527,19.499999999999353,190.2701676759999,-3342.7701676759525,28408.249999999905,25255.749999999953,120.0,19.066819199999948,25.255749999999953,0.8522474999999972,0.05366399999999985,25.041686975999987,-3132.9999999999527,0.0,0.0,-3132.9999999999527,28401.749999999905,25268.749999999953,0.0,0.0,0.0,0.0,0.0,0.0
2025-01-02,2024-12-26,2024-12-27,Bull,Bull,23750.2,23919.05,24188.65,23900,50.0,PE,23700.0,23650.0,23600.0,market_last,market_last,market_last,2593.5,9.749999999999446,153.881469473,2439.618530527,4595.5,7189.0,120.0,4.1870328500000005,7.189,0.13786500000000002,0.0117845,22.355787123,2580.5,19.499999999999446,153.88732511499998,2426.612674885,4608.5,7189.0,120.0,4.19165175,7.189,0.13825500000000002,0.011797499999999999,22.356620865,2583.7499999999995,19.499999999999815,153.8737005625,2429.8762994374997,4598.75,7182.5,120.0,4.185878125,7.1825,0.13796250000000002,0.01178125,22.3555786875,2603.25,0.0,0.0,2603.25,4592.25,7195.5,0.0,0.0,0.0,0.0,0.0,0.0
2025-01-09,2025-01-02,2025-01-03,Bull,Bear,24188.65,24057.9,23526.5,24050,50.0,PE,23850.0,23800.0,23750.0,market_last,market_last,market_last,-7747.999999999998,9.749999999999446,202.89557437899998,-7950.895574378998,38645.75,30897.75,120.0,24.70880555,30.897750000000002,1.1593725000000001,0.0695435,26.060102828999998,-7816.250000000004,19.500000000001663,202.92023617849998,-8019.170236178504,38710.75,30894.5,120.0,24.730745325,30.8945,1.1613225,0.06960525,26.064063103499997,-7757.75,19.49999999999889,202.88780546849998,-7960.6378054685,38649.0,30891.25,120.0,24.707650825,30.89125,1.15947,0.06954025,26.0598943935,-7738.25,0.0,0.0,-7738.25,38642.5,30904.25,0.0,0.0,0.0,0.0,0.0,0.0
2025-01-16,2025-01-09,2025-01-10,Bull,Bear,23526.5,23369.6,23311.8,23350,50.0,PE,23150.0,23100.0,23050.0,market_last,market_last,market_last,4134.000000000002,9.749999999999446,159.948892848,3974.051107152002,6669.0,10803.000000000002,120.0,6.207801600000001,10.803000000000003,0.20007,0.017471999999999998,22.720549247999998,4121.000000000002,19.499999999999446,159.95474849,3961.045251510002,6682.0,10803.000000000002,120.0,6.2124205,10.803000000000003,0.20046,0.017485,22.72138299,4124.250000000003,19.49999999999889,159.9411239375,3964.308876062503,6672.249999999999,10796.500000000002,120.0,6.206646875000001,10.796500000000002,0.20016749999999997,0.017468749999999998,22.7203408125,4143.75,0.0,0.0,4143.75,6665.75,10809.5,0.0,0.0,0.0,0.0,0.0,0.0
2025-01-23,2025-01-16,2025-01-17,Bull,Bear,23311.8,23226.4,23205.35,23250,50.0,PE,23050.0,23000.0,22950.0,market_last,market_last,market_last,3175.25,9.749999999999446,156.60486710450002,3018.6451328955,5609.5,8784.75,120.0,5.114277025,8.78475,0.16828500000000002,0.014394249999999999,22.5231608295,3162.250000000001,19.499999999999446,156.61072274650002,3005.639277253501,5622.5,8784.75,120.0,5.118895925,8.78475,0.168675,0.01440725,22.5239945715,3165.5000000000005,19.499999999999353,156.597098194,3008.9029018060005,5612.75,8778.25,120.0,5.113122300000001,8.77825,0.1683825,0.014391,22.522952394,3185.0,0.0,0.0,3185.0,5606.25,8791.25,0.0,0.0,0.0,0.0,0.0,0.0
2025-01-30,2025-01-23,2025-01-24,Bull,Bull,23205.35,23144.25,23249.5,23150,50.0,PE,22950.0,22900.0,22850.0,market_last,market_last,market_last,4530.5,9.749999999999446,161.928809722,4368.571190278,7426.25,11956.75,120.0,6.8867799000000005,11.95675,0.2227875,0.019382999999999997,22.843109322,4517.500000000001,19.499999999999446,161.94074568500002,4355.5592543150005,7442.5,11960.0,120.0,6.89370825,11.96,0.223275,0.0194025,22.844359935,4520.75,19.49999999999889,161.9210408115,4358.8289591885,7429.5,11950.25,120.0,6.885625175,11.95025,0.222885,0.019379749999999998,22.8429008865,4540.25,0.0,0.0,4540.25,7423.0,11963.25,0.0,0.0,0.0,0.0,0.0,0.0
2025-02-06,2025-01-30,2025-02-01,Bull,Bull,23249.5,23558.05,23603.35,23550,50.0,PE,23350.0,23300.0,23250.0,market_last,market_last,market_last,6727.5,9.750000000001293,168.855784166,6558.644215834,9460.75,16188.25,120.0,9.1130897,16.18825,0.28382250000000003,0.025648999999999998,23.244972965999995,6714.5,19.500000000001293,168.86163980800004,6545.638360192,9473.75,16188.25,120.0,9.1177086,16.18825,0.28421250000000003,0.025661999999999997,23.245806708000003,6717.750000000002,19.49999999999889,168.84801525549997,6548.9019847445015,9464.0,16181.750000000002,120.0,9.111934975,16.18175,0.28392,0.02564575,23.2447645305,6737.25,0.0,0.0,6737.25,9457.5,16194.75,0.0,0.0,0.0,0.0,0.0,0.0
2025-02-13,2025-02-06,2025-02-07,Bull,Bear,23603.35,23606.55,23031.4,23600,50.0,PE,23400.0,23350.0,23300.0,market_last,market_last,market_last,-10659.999999999905,9.749999999999446,209.21742269099977,-10869.217422690905,44235.74999999981,33575.749999999905,120.0,27.646425949999898,33.57574999999991,1.3270724999999943,0.0778114999999997,26.59036274099998,-10686.000000000002,19.500000000001663,209.150089802,-10895.150089802002,44219.5,33533.5,120.0,27.6256409,33.533500000000004,1.3265850000000001,0.077753,26.586610902,-10669.749999999904,19.49999999999889,209.2096537804998,-10878.959653780403,44238.99999999981,33569.249999999905,120.0,27.6452712249999,33.569249999999904,1.3271699999999944,0.0778082499999997,26.590154305499983,-10650.249999999905,0.0,0.0,-10650.249999999905,44232.49999999981,33582.249999999905,0.0,0.0,0.0,0.0,0.0,0.0
2025-02-20,2025-02-13,2025-02-14,Bull,Bear,23031.4,23050.5,22913.15,23050,50.0,PE,22850.0,22800.0,22750.0,market_last,market_last,market_last,2931.500000000001,9.749999999999446,155.94245962500003,2775.557540375001,5440.5,8372.0,120.0,4.907581250000001,8.372,0.163215,0.0138125,22.485850875,2918.500000000001,19.499999999999446,155.948315267,2762.551684733001,5453.5,8372.0,120.0,4.91220015,8.372,0.163605,0.0138255,22.486684616999998,2921.750000000001,19.499999999999353,155.9346907145,2765.815309285501,5443.75,8365.5,120.0,4.9064265250000005,8.3655,0.1633125,0.013809249999999999,22.485642439499998,2941.25,0.0,0.0,2941.25,5437.25,8378.5,0.0,0.0,0.0,0.0,0.0,0.0
2025-03-06,2025-02-27,2025-02-28,Bull,Bear,22545.05,22235.4,22544.7,22250,50.0,PE,22050.0,22000.0,21950.0,market_last,market_last,market_last,1690.000000000001,9.749999999999446,150.94426004200002,1539.055739958001,3711.4999999999995,5401.5,120.0,3.2378489000000004,5.4015,0.11134499999999999,0.009113,22.184453142,1677.000000000001,19.499999999999446,150.95011568400002,1526.0498843160008,3724.4999999999995,5401.5,120.0,3.2424678,5.4015,0.11173499999999999,0.009126,22.185286884,1680.25,19.500000000000277,150.93649113150002,1529.3135088684999,3714.75,5395.0,120.0,3.2366941750000002,5.3950000000000005,0.1114425,0.00910975,22.184244706499996,1699.75,0.0,0.0,1699.75,3708.25,5408.0,0.0,0.0,0.0,0.0,0.0,0.0
2025-03-13,2025-03-06,2025-03-07,Bear,Bear,22544.7,22548.85,22397.2,22550,50.0,CE,22750.0,22800.0,22850.0,market_last,market_last,market_last,1680.2500000000005,9.749999999999446,152.1647159735,1528.0852840265004,4371.25,6051.5,120.0,3.7032030750000002,6.0515,0.1311375,0.01042275,22.268452648500002,1667.2500000000005,19.499999999999446,152.17057161550002,1515.0794283845005,4384.25,6051.5,120.0,3.7078219750000003,6.0515,0.1315275,0.010435749999999999,22.2692863905,1670.5,19.499999999999815,152.15694706300002,1518.343052937,4374.5,6045.0,120.0,3.70204835,6.045,0.131235,0.0104195,22.268244213,1690.0,0.0,0.0,1690.0,4368.0,6058.0,0.0,0.0,0.0,0.0,0.0,0.0
2025-03-27,2025-03-20,2025-03-21,Bull,Bull,23190.65,23263.75,23591.95,23250,50.0,PE,23050.0,23000.0,22950.0,market_last,market_last,market_last,1423.5,9.749999999999446,149.793513614,1273.706486386,3298.75,4722.25,120.0,2.8498613,4.72225,0.09896250000000001,0.008021,22.114418814,1407.25,19.499999999999446,149.8069134875,1257.4430865125,3318.25,4725.5,120.0,2.857944375,4.7255,0.0995475,0.008043749999999999,22.1158778625,1413.7499999999995,19.500000000000277,149.78574470349997,1263.9642552964997,3302.0000000000005,4715.75,120.0,2.848706575,4.71575,0.09906000000000002,0.008017749999999999,22.114210378499997,1433.25,0.0,0.0,1433.25,3295.5,4728.75,0.0,0.0,0.0,0.0,0.0,0.0
2025-05-08,2025-04-30,2025-05-02,Bull,Bear,24334.2,24571.2,24273.8,24550,50.0,PE,24350.0,24300.0,24250.0,market_last,market_last,market_last,7852.0,9.749999999999446,168.10605829300007,7683.893941707,8206.250000000047,16058.250000000047,120.0,8.621176850000033,16.058250000000047,0.24618750000000142,0.024264500000000095,23.156179443000003,7803.25,19.499999999999307,168.10369566650002,7635.1463043335,8242.0,16045.25,120.0,8.629259925000001,16.04525,0.24726,0.02428725,23.1576384915,7842.25,19.49999999999889,168.0982893825001,7674.1517106175,8209.500000000047,16051.750000000047,120.0,8.620022125000034,16.051750000000048,0.24628500000000142,0.024261250000000092,23.155971007500007,7861.75,0.0,0.0,7861.75,8203.000000000047,16064.750000000047,0.0,0.0,0.0,0.0,0.0,0.0
2025-05-15,2025-05-08,2025-05-09,Bull,Bull,24273.8,24012.6,25062.1,24000,50.0,PE,23800.0,23750.0,23700.0,market_last,market_last,market_last,10101.0,9.750000000002217,178.937497535,9922.062502465,12288.25,22389.25,120.0,12.320915750000001,22.38925,0.3686475,0.0346775,23.824006784999998,10088.0,19.500000000002217,178.943353177,9909.056646823,12301.25,22389.25,120.0,12.32553465,22.38925,0.3690375,0.0346905,23.824840527000003,10091.250000000002,19.49999999999889,178.92972862449994,9912.320271375502,12291.5,22382.75,120.0,12.319761025,22.38275,0.368745,0.03467425,23.823798349499995,10110.75,0.0,0.0,10110.75,12285.0,22395.75,0.0,0.0,0.0,0.0,0.0,0.0
2025-05-22,2025-05-15,2025-05-16,Bull,Bear,25062.1,24991.55,24609.7,25000,50.0,PE,24800.0,24750.0,24700.0,market_last,market_last,market_last,2073.5000000000477,9.749999999999446,186.34139645299985,1887.158603547048,22340.499999999905,24413.999999999953,120.0,16.61187384999995,24.41399999999995,0.6702149999999972,0.04675449999999985,24.598553102999986,2076.7499999999995,19.50000000000074,186.35817350550005,1890.3918264944996,22347.0,24423.75,120.0,16.617647475000002,24.423750000000002,0.6704100000000001,0.04677075,24.599595280500004,2063.7500000000496,19.49999999999889,186.33362754249987,1877.4163724575496,22343.749999999905,24407.499999999953,120.0,16.61071912499995,24.407499999999953,0.6703124999999972,0.046751249999999855,24.59834466749999,2083.2500000000477,0.0,0.0,2083.2500000000477,22337.249999999905,24420.499999999953,0.0,0.0,0.0,0.0,0.0,0.0
2025-05-29,2025-05-22,2025-05-23,Bull,Bull,24609.7,24795.45,24833.6,24800,50.0,PE,24600.0,24550.0,24500.0,market_last,market_last,market_last,4553.250000000001,9.749999999999446,161.55374308849997,4391.696256911501,7208.499999999999,11761.75,120.0,6.740129825,11.761750000000001,0.21625499999999998,0.018970249999999998,22.816638013499997,4540.250000000002,19.499999999999446,161.5595987305,4378.690401269502,7221.499999999999,11761.75,120.0,6.744748725,11.761750000000001,0.21664499999999998,0.01898325,22.817471755499998,4543.500000000002,19.49999999999889,161.545974178,4381.954025822002,7211.749999999999,11755.25,120.0,6.7389751,11.75525,0.21635249999999998,0.018966999999999998,22.816429578,4563.0,0.0,0.0,4563.0,7205.25,11768.25,0.0,0.0,0.0,0.0,0.0,0.0
2025-06-05,2025-05-29,2025-05-30,Bull,Bear,24833.6,24806.85,24750.9,24800,50.0,PE,24600.0,24550.0,24500.0,market_last,market_last,market_last,4036.500000000001,9.749999999999446,159.98672984200002,3876.513270158001,6763.25,10799.75,120.0,6.2401339,10.79975,0.2028975,0.017563,22.726385441999998,4023.500000000001,19.499999999999446,159.992585484,3863.507414516001,6776.25,10799.75,120.0,6.2447528000000005,10.79975,0.2032875,0.017575999999999998,22.727219184,4026.750000000001,19.49999999999889,159.97896093149998,3866.771039068501,6766.5,10793.25,120.0,6.238979175,10.79325,0.202995,0.01755975,22.7261770065,4046.25,0.0,0.0,4046.25,6760.0,10806.25,0.0,0.0,0.0,0.0,0.0,0.0
2025-06-12,2025-06-05,2025-06-06,Bull,Bull,24750.9,24713.25,24888.2,24700,50.0,PE,24500.0,24450.0,24400.0,market_last,market_last,market_last,3363.750000000001,9.749999999999446,157.61441807550003,3206.135581924501,6005.999999999999,9369.75,120.0,5.463003975,9.36975,0.18017999999999998,0.015375749999999999,22.5861083505,3350.750000000002,19.499999999999446,157.6202737175,3193.129726282502,6018.999999999999,9369.75,120.0,5.467622875,9.36975,0.18056999999999998,0.01538875,22.5869420925,3354.000000000002,19.49999999999889,157.606649165,3196.393350835002,6009.249999999999,9363.25,120.0,5.46184925,9.36325,0.18027749999999998,0.015372499999999999,22.585899915,3373.5,0.0,0.0,3373.5,6002.75,9376.25,0.0,0.0,0.0,0.0,0.0,0.0
2025-06-19,2025-06-12,2025-06-13,Bull,Bear,24888.2,24641.2,24793.25,24650,50.0,PE,24450.0,24400.0,24350.0,market_last,market_last,market_last,4982.250000000002,9.749999999999446,162.8623461895,4819.387653810501,7582.249999999999,12564.5,120.0,7.158140275,12.5645,0.2274675,0.020146749999999998,22.892091664499997,4969.250000000003,19.499999999999446,162.86820183150002,4806.381798168502,7595.249999999999,12564.5,120.0,7.162759175000001,12.5645,0.2278575,0.02015975,22.8929254065,4972.500000000002,19.49999999999889,162.85457727899998,4809.6454227210015,7585.499999999999,12558.0,120.0,7.15698555,12.558,0.227565,0.020143499999999998,22.891883229,4992.0,0.0,0.0,4992.0,7579.0,12571.0,0.0,0.0,0.0,0.0,0.0,0.0
2025-06-26,2025-06-19,2025-06-20,Bull,Bull,24793.25,24864.35,25549.0,24850,50.0,PE,24650.0,24600.0,24550.0,market_last,market_last,market_last,2606.500000000001,9.749999999999446,153.954658004,2452.545341996001,4624.749999999999,7231.25,120.0,4.2124368,7.23125,0.13874249999999996,0.011856,22.360372704,2593.500000000001,19.499999999999446,153.96051364599998,2439.539486354001,4637.749999999999,7231.25,120.0,4.2170557,7.23125,0.13913249999999996,0.011869,22.361206446,2596.75,19.499999999999815,153.94688909349998,2442.8031109065,4627.999999999999,7224.749999999999,120.0,4.211282075,7.224749999999999,0.13883999999999996,0.011852749999999997,22.3601642685,2616.25,0.0,0.0,2616.25,4621.5,7237.75,0.0,0.0,0.0,0.0,0.0,0.0
2025-07-03,2025-06-26,2025-06-27,Bull,Bear,25549.0,25544.5,25405.3,25550,50.0,PE,25350.0,25300.0,25250.0,market_last,market_last,market_last,3025.750000000002,9.749999999999446,155.82704236850003,2869.922957631502,5307.249999999999,8333.0,120.0,4.846380825000001,8.333,0.15921749999999998,0.01364025,22.474803793499998,3012.750000000002,19.499999999999446,155.8328980105,2856.917101989502,5320.249999999999,8333.0,120.0,4.850999725,8.333,0.15960749999999999,0.013653249999999999,22.4756375355,3016.000000000002,19.499999999999353,155.819273458,2860.180726542002,5310.499999999999,8326.5,120.0,4.8452261000000005,8.3265,0.15931499999999998,0.013637,22.474595358000002,3035.5,0.0,0.0,3035.5,5304.0,8339.5,0.0,0.0,0.0,0.0,0.0,0.0
2025-07-10,2025-07-03,2025-07-04,Bull,Bear,25405.3,25414.05,25355.25,25400,50.0,PE,25200.0,25150.0,25100.0,market_last,market_last,market_last,1989.0000000000005,9.749999999999446,152.23237539,1836.7676246100004,4173.0,6162.0,120.0,3.6720255,6.162,0.12519,0.010334999999999999,22.26282489,1976.0,19.499999999999446,152.238231032,1823.761768968,4186.0,6162.0,120.0,3.6766444000000003,6.162,0.12558,0.010348,22.263658632,1979.2499999999995,19.499999999999815,152.2246064795,1827.0253935204996,4176.25,6155.5,120.0,3.670870775,6.1555,0.1252875,0.010331749999999999,22.262616454499998,1998.75,0.0,0.0,1998.75,4169.75,6168.5,0.0,0.0,0.0,0.0,0.0,0.0
2025-07-17,2025-07-10,2025-07-11,Bull,Bear,25355.25,25287.05,25111.45,25300,50.0,PE,25100.0,25050.0,25000.0,market_last,market_last,market_last,1407.25,9.749999999999677,149.6245038575,1257.6254961425,3220.75,4628.0,120.0,2.788660875,4.628,0.0966225,0.00784875,22.103371732499998,1394.25,19.499999999999677,149.6303594995,1244.6196405005,3233.75,4628.0,120.0,2.7932797750000002,4.628,0.0970125,0.007861749999999999,22.1042054745,1397.4999999999995,19.500000000000277,149.616734947,1247.8832650529996,3224.0,4621.5,120.0,2.78750615,4.6215,0.09672,0.0078455,22.103163297,1417.0,0.0,0.0,1417.0,3217.5,4634.5,0.0,0.0,0.0,0.0,0.0,0.0
2025-07-24,2025-07-17,2025-07-18,Bull,Bear,25111.45,25040.3,25062.1,25050,50.0,PE,24850.0,24800.0,24750.0,market_last,market_last,market_last,1378.0000000000005,9.749999999999677,149.30934171799998,1228.6906582820004,3074.5,4452.5,120.0,2.6743431,4.4525,0.092235,0.007527,22.082736618,1364.9999999999998,19.499999999999677,149.31519736,1215.6848026399998,3087.5,4452.5,120.0,2.6789620000000003,4.4525,0.092625,0.00754,22.08357036,1368.25,19.500000000000277,149.3015728075,1218.9484271925,3077.75,4446.0,120.0,2.673188375,4.446,0.0923325,0.00752375,22.0825281825,1387.75,0.0,0.0,1387.75,3071.25,4459.0,0.0,0.0,0.0,0.0,0.0,0.0
2025-07-31,2025-07-24,2025-07-25,Bull,Bear,25062.1,24928.85,24768.35,24950,50.0,PE,24750.0,24700.0,24650.0,market_last,market_last,market_last,1586.0000000000005,9.749999999999446,150.328350189,1435.6716498110004,3461.25,5047.25,120.0,3.0230700500000003,5.04725,0.1038375,0.0085085,22.145684139,1569.7500000000005,19.499999999999446,150.3356697415,1419.4143302585005,3477.5,5047.25,120.0,3.028843675,5.04725,0.104325,0.00852475,22.1467263165,1576.249999999999,19.500000000000277,150.32058127850001,1425.9294187214991,3464.5000000000005,5040.75,120.0,3.021915325,5.04075,0.10393500000000001,0.008505249999999999,22.145475703499997,1595.75,0.0,0.0,1595.75,3458.0,5053.75,0.0,0.0,0.0,0.0,0.0,0.0
2025-08-07,2025-07-31,2025-08-01,Bear,Bear,24768.35,24696.55,24596.15,24700,50.0,CE,24900.0,24950.0,25000.0,market_last,market_last,market_last,2203.5,9.749999999999446,153.601114658,2049.898885342,4741.75,6945.25,120.0,4.1523911,6.94525,0.1422525,0.011687,22.349534058,2190.5,19.499999999999446,153.6069703,2036.8930297,4754.75,6945.25,120.0,4.1570100000000005,6.94525,0.1426425,0.0117,22.3503678,2193.7499999999995,19.499999999999815,153.5933457475,2040.1566542524995,4745.0,6938.75,120.0,4.151236375,6.93875,0.14235,0.01168375,22.3493256225,2213.25,0.0,0.0,2213.25,4738.5,6951.75,0.0,0.0,0.0,0.0,0.0,0.0
2025-08-14,2025-08-07,2025-08-08,Bull,Bull,24596.15,24477.15,24631.3,24500,50.0,PE,24300.0,24250.0,24200.0,market_last,market_last,market_last,1810.2500000000005,9.749999999999446,151.42516360150003,1658.8248363985003,3877.25,5687.5,120.0,3.3983556750000004,5.6875,0.1163175,0.00956475,22.213425676499998,1797.25,19.499999999999446,151.4310192435,1645.8189807565,3890.25,5687.5,120.0,3.402974575,5.6875,0.1167075,0.00957775,22.2142594185,1800.5,19.500000000000277,151.41739469099997,1649.082605309,3880.5,5681.0,120.0,3.39720095,5.681,0.116415,0.009561499999999999,22.213217241,1820.0,0.0,0.0,1820.0,3874.0,5694.0,0.0,0.0,0.0,0.0,0.0,0.0
2025-09-09,2025-09-02,2025-09-03,Bear,Bull,24579.6,24578.4,24868.6,24600,50.0,CE,24800.0,24850.0,24900.0,market_last,market_last,market_last,4241.25,9.749999999999677,155.35858401449983,4085.8914159855003,4133.999999999905,8375.249999999905,120.0,4.444536524999933,8.375249999999905,0.12401999999999716,0.01250924999999981,22.402268239499985,4225.0,19.499999999999538,155.347662604,4069.652337396,4140.5,8365.5,120.0,4.4433818,8.3655,0.124215,0.012506,22.402059804,4231.499999999999,19.500000000000277,155.35081510399988,4076.149184895999,4137.249999999905,8368.749999999905,120.0,4.443381799999933,8.368749999999906,0.12411749999999716,0.01250599999999981,22.40205980399999,4251.0,0.0,0.0,4251.0,4130.749999999905,8381.749999999905,0.0,0.0,0.0,0.0,0.0,0.0
2025-09-16,2025-09-09,2025-09-10,Bear,Bull,24868.6,25000.45,25239.1,25000,50.0,CE,25200.0,25250.0,25300.0,market_last,market_last,market_last,3730.9999999999054,9.749999999999677,153.51502850199986,3577.4849714979055,3536.0,7266.999999999905,120.0,3.8383058999999666,7.266999999999905,0.10608000000000001,0.010802999999999905,22.292839601999994,3711.5,19.499999999999492,153.51165132300002,3557.988348677,3549.0,7260.5,120.0,3.84061535,7.2605,0.10647000000000001,0.0108095,22.293256473,3721.2499999999045,19.500000000000277,153.50725959149986,3567.7427404084046,3539.25,7260.499999999905,120.0,3.8371511749999665,7.260499999999905,0.10617750000000001,0.010799749999999905,22.292631166499994,3740.7499999999054,0.0,0.0,3740.7499999999054,3532.75,7273.499999999905,0.0,0.0,0.0,0.0,0.0,0.0
2025-09-23,2025-09-16,2025-09-17,Bull,Bear,25239.1,25320.35,25169.5,25300,50.0,PE,25100.0,25050.0,25000.0,market_last,market_last,market_last,828.7499999999998,9.750000000000139,146.35241342549998,682.3975865744998,1911.0000000000002,2739.75,120.0,1.652411475,2.73975,0.057330000000000006,0.0046507499999999995,21.898271200499998,815.7499999999995,19.50000000000014,146.35826906750003,669.3917309324995,1924.0000000000002,2739.75,120.0,1.6570303750000002,2.73975,0.05772000000000001,0.0046637499999999995,21.899104942500003,818.9999999999995,19.500000000000277,146.344644515,672.6553554849995,1914.2500000000002,2733.25,120.0,1.6512567500000002,2.73325,0.057427500000000006,0.0046475,21.898062765,838.5,0.0,0.0,838.5,1907.75,2746.25,0.0,0.0,0.0,0.0,0.0,0.0
2025-09-30,2025-09-23,2025-09-24,Bear,Bear,25169.5,25091.7,24611.1,25100,50.0,CE,25300.0,25350.0,25400.0,market_last,market_last,market_last,1072.5,9.749999999999677,149.10037100800002,923.399628992,3194.75,4267.25,120.0,2.6512486,4.26725,0.0958425,0.007462,22.078567908,1053.0000000000002,19.499999999999677,149.109154471,903.8908455290002,3214.25,4267.25,120.0,2.65817695,4.26725,0.0964275,0.0074814999999999994,22.079818521,1062.75,19.500000000000277,149.0926020975,913.6573979025,3198.0,4260.75,120.0,2.650093875,4.26075,0.09594,0.007458749999999999,22.078359472499997,1082.25,0.0,0.0,1082.25,3191.5,4273.75,0.0,0.0,0.0,0.0,0.0,0.0
2025-11-04,2025-10-28,2025-10-29,Bull,Bear,25936.2,25983.6,25597.65,26000,50.0,PE,25800.0,25750.0,25700.0,market_last,market_last,market_last,-1390.9999999999054,9.749999999999446,177.91803796399978,-1568.9180379639051,20468.49999999981,19077.499999999905,120.0,14.0506937999999,19.077499999999905,0.6140549999999944,0.03954599999999971,24.13624316399998,-1397.500000000001,19.50000000000074,177.87232321700003,-1575.372323217001,20449.0,19051.5,120.0,14.034527650000001,19.0515,0.6134700000000001,0.0395005,24.133325067,-1400.7499999999059,19.500000000000277,177.9102690534998,-1578.6602690534057,20471.74999999981,19070.999999999905,120.0,14.049539074999899,19.070999999999906,0.6141524999999943,0.03954274999999972,24.136034728499983,-1381.2499999999054,0.0,0.0,-1381.2499999999054,20465.24999999981,19083.999999999905,0.0,0.0,0.0,0.0,0.0,0.0
2025-11-18,2025-11-11,2025-11-12,Bull,Bull,25694.95,25859.4,25910.05,25850,50.0,PE,25650.0,25600.0,25550.0,market_last,market_last,market_last,1842.750000000001,9.749999999999446,150.9909823475,1691.759017652501,3620.4999999999995,5463.25,120.0,3.227456375,5.46325,0.10861499999999999,0.00908375,22.1825772225,1829.7500000000005,19.499999999999446,150.99683798949997,1678.7531620105005,3633.4999999999995,5463.25,120.0,3.232075275,5.46325,0.10900499999999999,0.009096749999999999,22.1834109645,1832.9999999999995,19.500000000000277,150.98321343700002,1682.0167865629996,3623.75,5456.75,120.0,3.2263016500000004,5.45675,0.1087125,0.0090805,22.182368786999998,1852.5,0.0,0.0,1852.5,3617.25,5469.75,0.0,0.0,0.0,0.0,0.0,0.0
2025-11-25,2025-11-18,2025-11-19,Bull,Bear,25910.05,25920.15,25884.8,25900,50.0,PE,25700.0,25650.0,25600.0,market_last,market_last,market_last,1706.2500000000005,9.749999999999446,150.66940636550004,1555.5805936345005,3552.25,5258.5,120.0,3.1304594750000003,5.2585,0.10656750000000001,0.00881075,22.165068640499996,1693.2500000000005,19.499999999999446,150.6752620075,1542.5747379925006,3565.25,5258.5,120.0,3.135078375,5.2585,0.1069575,0.00882375,22.1659023825,1696.4999999999995,19.500000000000277,150.66163745499998,1545.8383625449997,3555.5,5252.0,120.0,3.12930475,5.252,0.106665,0.0088075,22.164860205,1716.0,0.0,0.0,1716.0,3549.0,5265.0,0.0,0.0,0.0,0.0,0.0,0.0
2025-12-02,2025-11-25,2025-11-26,Bull,Bull,25884.8,26077.45,26032.2,26100,50.0,PE,25900.0,25850.0,25800.0,market_last,market_last,market_last,1657.5000000000005,9.749999999999446,150.61232085,1506.8876791500004,3558.75,5216.25,120.0,3.1177575,5.2162500000000005,0.1067625,0.008775,22.16277585,1644.5000000000005,19.499999999999446,150.61817649200003,1493.8818235080005,3571.75,5216.25,120.0,3.1223764000000003,5.2162500000000005,0.1071525,0.008787999999999999,22.163609592,1647.7499999999995,19.500000000000277,150.6045519395,1497.1454480604996,3562.0000000000005,5209.75,120.0,3.116602775,5.2097500000000005,0.10686000000000001,0.00877175,22.1625674145,1667.25,0.0,0.0,1667.25,3555.5,5222.75,0.0,0.0,0.0,0.0,0.0,0.0
2025-12-09,2025-12-02,2025-12-03,Bull,Bear,26032.2,25951.5,25839.65,25950,50.0,PE,25750.0,25700.0,25650.0,market_last,market_last,market_last,1456.000000000001,9.749999999999446,149.89440060799998,1306.1055993920008,3327.9999999999995,4784.0,120.0,2.8821936000000004,4.784,0.09983999999999998,0.008112,22.120255007999997,1443.000000000001,19.499999999999446,149.90025625,1293.099743750001,3340.9999999999995,4784.0,120.0,2.8868125,4.784,0.10022999999999999,0.008125,22.121088750000002,1446.25,19.500000000000277,149.8866316975,1296.3633683025,3331.25,4777.5,120.0,2.881038875,4.7775,0.0999375,0.00810875,22.1200465725,1465.75,0.0,0.0,1465.75,3324.75,4790.5,0.0,0.0,0.0,0.0,0.0,0.0
2025-12-16,2025-12-09,2025-12-10,Bull,Bull,25839.65,25878.25,25860.1,25900,50.0,PE,25700.0,25650.0,25600.0,market_last,market_last,market_last,1286.9999999999998,9.749999999999677,149.417214743,1137.5827852569998,3201.25,4488.25,120.0,2.7320793500000002,4.48825,0.0960375,0.007689499999999999,22.093158393,1273.9999999999998,19.499999999999677,149.423070385,1124.5769296149997,3214.25,4488.25,120.0,2.7366982500000003,4.48825,0.0964275,0.007702499999999999,22.093992134999997,1277.2499999999993,19.500000000000277,149.4094458325,1127.8405541674992,3204.5000000000005,4481.75,120.0,2.730924625,4.48175,0.09613500000000001,0.0076862499999999995,22.0929499575,1296.75,0.0,0.0,1296.75,3198.0,4494.75,0.0,0.0,0.0,0.0,0.0,0.0
2025-12-23,2025-12-16,2025-12-17,Bull,Bull,25860.1,25868.35,26177.15,25850,50.0,PE,25650.0,25600.0,25550.0,market_last,market_last,market_last,1046.5,9.749999999999677,148.120989969,898.379010031,2691.0,3737.5,120.0,2.28404605,3.7375000000000003,0.08073,0.006428499999999999,22.012285418999998,1033.5,19.499999999999677,148.126845611,885.373154389,2704.0,3737.5,120.0,2.2886649500000003,3.7375000000000003,0.08112,0.006441499999999999,22.013119161,1036.7499999999995,19.500000000000277,148.1132210585,888.6367789414995,2694.25,3730.9999999999995,120.0,2.282891325,3.7309999999999994,0.0808275,0.0064252499999999995,22.0120769835,1056.25,0.0,0.0,1056.25,2687.75,3744.0,0.0,0.0,0.0,0.0,0.0,0.0
2026-01-06,2025-12-30,2025-12-31,Bull,Bull,25938.85,25984.7,26178.7,26000,50.0,PE,25800.0,25750.0,25700.0,market_last,market_last,market_last,539.4999999999999,9.750000000000139,145.80778582899998,393.69221417099993,1839.5,2379.0,120.0,1.49883305,2.379,0.055185,0.0042185,21.870549279,526.4999999999997,19.50000000000014,145.813641471,380.6863585289997,1852.5,2379.0,120.0,1.50345195,2.379,0.055575,0.0042315,21.871383021,529.75,19.500000000000163,145.8000169185,383.9499830815,1842.75,2372.5,120.0,1.497678325,2.3725,0.0552825,0.004215249999999999,21.8703408435,549.25,0.0,0.0,549.25,1836.25,2385.5,0.0,0.0,0.0,0.0,0.0,0.0
2026-01-13,2026-01-06,2026-01-07,Bull,Bear,26178.7,26138.95,25732.3,26150,50.0,PE,25950.0,25900.0,25850.0,market_last,market_last,market_last,-3750.5000000000473,9.749999999999908,174.95566448500009,-3925.4556644850472,20676.500000000095,16926.000000000047,120.0,13.360168250000052,16.926000000000048,0.6202950000000028,0.03760250000000014,24.011598735000007,-3731.0,19.5000000000012,174.965121985,-3905.965121985,20666.75,16935.75,120.0,13.360168250000001,16.93575,0.6200025,0.0376025,24.011598735,-3760.2500000000473,19.500000000000277,174.94789557450014,-3935.1978955745476,20679.750000000095,16919.500000000047,120.0,13.359013525000051,16.91950000000005,0.6203925000000029,0.037599250000000146,24.011390299500007,-3740.7500000000473,0.0,0.0,-3740.7500000000473,20673.250000000095,16932.500000000047,0.0,0.0,0.0,0.0,0.0,0.0
2026-02-03,2026-01-27,2026-01-29,Bull,Bull,25175.4,25185.3,25727.55,25200,50.0,PE,25000.0,24950.0,24900.0,market_last,market_last,market_last,5187.000000000001,9.749999999999446,163.967943065,5023.032056935001,8017.75,13204.75,120.0,7.54035425,13.20475,0.2405325,0.0212225,22.961083815,5174.000000000001,19.499999999999446,163.973798707,5010.026201293001,8030.75,13204.75,120.0,7.544973150000001,13.20475,0.2409225,0.021235499999999997,22.961917557,5177.250000000002,19.49999999999889,163.9601741545,5013.289825845502,8020.999999999999,13198.25,120.0,7.539199525000001,13.19825,0.24062999999999998,0.02121925,22.9608753795,5196.75,0.0,0.0,5196.75,8014.5,13211.25,0.0,0.0,0.0,0.0,0.0,0.0
2026-02-10,2026-02-03,2026-02-04,Bull,Bull,25727.55,25779.55,25935.15,25800,50.0,PE,25600.0,25550.0,25500.0,market_last,market_last,market_last,3828.500000000001,9.749999999999446,158.985962334,3669.514037666001,6386.25,10214.75,120.0,5.8983353,10.21475,0.1915875,0.016600999999999998,22.664688534,3815.500000000001,19.499999999999446,158.991817976,3656.508182024001,6399.25,10214.75,120.0,5.9029542,10.21475,0.1919775,0.016614,22.665522276,3818.750000000001,19.49999999999889,158.9781934235,3659.771806576501,6389.5,10208.25,120.0,5.897180575,10.20825,0.191685,0.016597749999999998,22.664480098499997,3838.25,0.0,0.0,3838.25,6383.0,10221.25,0.0,0.0,0.0,0.0,0.0,0.0
2026-02-17,2026-02-10,2026-02-11,Bull,Bear,25935.15,25943.2,25725.4,25950,50.0,PE,25750.0,25700.0,25650.0,market_last,market_last,market_last,3308.4999999999063,9.749999999999446,152.6595216549999,3155.8404783449064,3399.5,6707.999999999905,120.0,3.5911947499999664,6.707999999999905,0.101985,0.010107499999999905,22.248234404999994,3292.250000000001,19.499999999999492,152.6607608865,3139.5892391135008,3412.5,6704.75,120.0,3.594658925,6.70475,0.10237500000000001,0.01011725,22.2488597115,3298.7499999999054,19.500000000000277,152.65175274449987,3146.0982472554056,3402.75,6701.499999999905,120.0,3.5900400249999667,6.701499999999905,0.1020825,0.010104249999999905,22.24802596949999,3318.2499999999054,0.0,0.0,3318.2499999999054,3396.25,6714.499999999905,0.0,0.0,0.0,0.0,0.0,0.0
2026-02-24,2026-02-17,2026-02-18,Bull,Bear,25725.4,25666.6,25424.65,25650,50.0,PE,25450.0,25400.0,25350.0,market_last,market_last,market_last,3792.7499999999054,9.749999999999446,154.42358363649987,3638.3264163634058,3974.75,7767.499999999905,120.0,4.172021424999967,7.767499999999906,0.1192425,0.011742249999999906,22.353077461499993,3770.0,19.499999999999492,154.415590047,3615.584409953,3987.75,7757.75,120.0,4.173176150000001,7.757750000000001,0.1196325,0.011745499999999999,22.353285897,3782.9999999999054,19.500000000000277,154.41581472599984,3628.5841852739054,3978.0,7760.999999999905,120.0,4.170866699999967,7.760999999999906,0.11934,0.011738999999999904,22.352869025999993,3802.4999999999054,0.0,0.0,3802.4999999999054,3971.5,7773.999999999905,0.0,0.0,0.0,0.0,0.0,0.0
2026-03-10,2026-03-02,2026-03-04,Bull,Bear,24865.7,24325.8,24261.6,24350,50.0,PE,24150.0,24100.0,24050.0,market_last,market_last,market_last,12707.499999999998,9.750000000002217,189.012035164,12518.487964835998,15694.250000000002,28401.75,120.0,15.6673088,28.40175,0.47082750000000007,0.044095999999999996,24.428052863999998,12694.499999999998,19.500000000002217,189.01789080599997,12505.482109193998,15707.250000000002,28401.75,120.0,15.671927700000001,28.40175,0.47121750000000007,0.044108999999999995,24.428886606,12697.750000000002,19.49999999999889,189.00426625350002,12508.745733746502,15697.5,28395.25,120.0,15.666154075000001,28.39525,0.47092500000000004,0.04409275,24.427844428500002,12717.25,0.0,0.0,12717.25,15691.0,28408.25,0.0,0.0,0.0,0.0,0.0,0.0
2026-03-17,2026-03-10,2026-03-11,Bull,Bear,24261.6,24154.6,23581.15,24150,50.0,PE,23950.0,23900.0,23850.0,market_last,market_last,market_last,-5586.74999999991,9.750000000002217,226.51697234149978,-5813.26697234141,49630.74999999981,44043.999999999905,120.0,33.2826386749999,44.043999999999905,1.4889224999999944,0.09367474999999971,27.60773641649998,-5567.250000000005,19.500000000004434,226.40482342150005,-5793.654823421504,49556.0,43988.75,120.0,33.236449675,43.98875,1.48668,0.09354475,27.599398996500003,-5596.499999999905,19.49999999999889,226.50920343099975,-5823.0092034309055,49633.99999999981,44037.499999999905,120.0,33.281483949999895,44.03749999999991,1.4890199999999945,0.0936714999999997,27.60752798099998,-5576.999999999905,0.0,0.0,-5576.999999999905,49627.49999999981,44050.499999999905,0.0,0.0,0.0,0.0,0.0,0.0
2026-03-24,2026-03-17,2026-03-18,Bull,Bear,23581.15,23691.15,22912.4,23700,50.0,PE,23500.0,23450.0,23400.0,market_last,market_last,market_last,-21033.999999999905,9.750000000002217,255.42489775799982,-21289.424897757905,76810.49999999981,55776.499999999905,120.0,47.1081610999999,55.776499999999906,2.3043149999999946,0.1325869999999997,30.10333465799998,-20949.500000000004,19.499999999997044,255.465880258,-21204.965880258005,76768.25,55818.75,120.0,47.108161100000004,55.81875,2.3030475,0.13258699999999998,30.103334658,-21043.7499999999,19.49999999999889,255.41712884749978,-21299.167128847403,76813.74999999981,55769.999999999905,120.0,47.1070063749999,55.769999999999904,2.3044124999999944,0.1325837499999997,30.103126222499984,-21024.249999999905,0.0,0.0,-21024.249999999905,76807.24999999981,55782.999999999905,0.0,0.0,0.0,0.0,0.0,0.0
2026-04-21,2026-04-13,2026-04-15,Bull,Bull,23842.65,24216.8,24576.6,24200,50.0,PE,24000.0,23950.0,23900.0,market_last,market_last,market_last,6363.499999999998,9.75000000000037,175.349348633,6188.150651366998,9080.500000000002,15444.0,120.0,8.713554850000001,23.166,0.2724150000000001,0.024524499999999998,23.172854283000003,6350.499999999998,19.50000000000037,175.355204275,6175.144795724998,9093.500000000002,15444.0,120.0,8.71817375,23.166,0.2728050000000001,0.0245375,23.173688025,6353.75,19.49999999999889,175.3383297225,6178.4116702775,9083.75,15437.5,120.0,8.712400125,23.15625,0.2725125,0.024521249999999998,23.172645847499997,6373.25,0.0,0.0,6373.25,9077.25,15450.5,0.0,0.0,0.0,0.0,0.0,0.0
2026-04-28,2026-04-21,2026-04-22,Bull,Bear,24576.6,24382.9,23995.7,24400,50.0,PE,24200.0,24150.0,24100.0,market_last,market_last,market_last,4020.2500000000455,9.750000000002217,215.22423530149987,3805.0257646985456,27797.249999999905,31817.499999999953,120.0,21.18112067499995,47.72624999999993,0.8339174999999972,0.05961474999999985,25.423332376499992,4046.2499999999973,19.50000000000351,215.1585867705,3831.0914132294974,27748.5,31794.75,120.0,21.155716725,47.692125000000004,0.8324550000000001,0.05954325,25.418746795499995,4010.500000000049,19.49999999999889,215.21321639099983,3795.286783609049,27800.499999999905,31810.999999999956,120.0,21.179965949999954,47.71649999999993,0.8340149999999972,0.05961149999999986,25.423123940999986,4030.000000000048,0.0,0.0,4030.000000000048,27793.999999999905,31823.999999999953,0.0,0.0,0.0,0.0,0.0,0.0
2026-05-12,2026-05-05,2026-05-06,Bear,Bear,24032.8,24140.6,23379.55,24150,50.0,CE,24350.0,24400.0,24450.0,market_last,market_last,market_last,4608.500000000001,9.749999999999446,169.49787360099998,4439.002126399001,8034.0,12642.5,120.0,7.346360450000001,18.96375,0.24102,0.0206765,22.926066651,4595.500000000001,19.499999999999446,169.511434564,4425.9885654360005,8050.25,12645.75,120.0,7.3532888000000005,18.968625,0.2415075,0.020696,22.927317264,4598.750000000003,19.49999999999889,169.4868546905,4429.263145309503,8037.249999999999,12636.000000000002,120.0,7.3452057250000005,18.954000000000004,0.24111749999999998,0.02067325,22.9258582155,4618.25,0.0,0.0,4618.25,8030.75,12649.0,0.0,0.0,0.0,0.0,0.0,0.0
2026-05-19,2026-05-12,2026-05-13,Bear,Bull,23379.55,23371.15,23618.0,23350,50.0,CE,23550.0,23600.0,23650.0,market_last,market_last,market_last,10880.999999999996,9.750000000002217,192.138612241,10688.861387758996,12502.750000000002,23383.75,120.0,12.750473450000001,35.075625,0.37508250000000004,0.0358865,23.901544791000003,10848.5,19.50000000000208,192.09160877800002,10656.408391222,12509.250000000002,23357.75,120.0,12.7435451,35.036625,0.37527750000000004,0.035866999999999996,23.900294178,10871.25,19.49999999999889,192.12759333050002,10679.1224066695,12506.0,23377.25,120.0,12.749318725,35.065875,0.37518,0.03588325,23.9013363555,10890.75,0.0,0.0,10890.75,12499.5,23390.25,0.0,0.0,0.0,0.0,0.0,0.0
